movie_id,tmdb_id,userid,rating
622,12,1,3
2201,198663,1,5
2172,244786,1,5
2119,157336,1,5
2745,313369,1,2
1584,27205,1,4
3316,568160,1,5
23,807,1,5
275,603,1,4
318,550,1,5
559,129,1,5
373,98,1,5
866,4935,1,5
239,637,2,5
484,671,2,1
1274,155,2,1
483,585,2,5
1820,77338,2,5
559,129,2,5
630,22,2,3
622,12,2,5
494,120,2,2
1702,10195,3,2
3659,634649,3,1
373,98,3,5
484,671,3,1
683,122,3,4
1820,77338,3,5
185,597,3,4
0,862,3,5
176,37165,3,1
336,497,5,5
318,550,5,2
523,557,5,4
483,585,5,4
596,598,5,3
484,671,5,5
239,637,5,5
1134,1271,5,5
23,807,5,2
181,489,5,4
275,603,5,5
185,597,5,2
494,120,5,5
1274,155,5,5
622,12,5,3
630,22,5,3
373,98,5,2
559,129,5,4
899,272,5,5
1801,70160,6,5
0,862,6,5
3316,568160,6,5
2119,157336,6,5
1420,16869,6,5
483,585,6,4
1515,19995,6,5
1303,10681,6,5
1134,1271,6,5
373,98,6,5
630,22,7,5
2449,259316,7,2
2172,244786,7,4
2119,157336,7,4
1303,10681,7,4
2810,263115,7,4
2219,245891,7,3
2081,106646,7,4
3293,496243,7,4
2324,299536,7,4
1452,767,7,5
1802,49026,7,5
1732,12445,7,4
963,674,7,5
1176,675,7,5
3659,634649,7,4
622,12,7,5
1274,155,7,5
483,585,7,5
1637,12444,7,5
2038,122906,7,4
0,862,7,5
1231,6479,7,4
2321,293660,7,4
494,120,8,1
866,4935,8,5
2172,244786,8,5
2901,346364,8,5
1802,49026,8,5
2567,297762,8,5
733,673,8,4
275,603,8,1
1515,19995,8,1
3293,496243,8,5
2745,313369,8,5
2038,122906,8,5
559,129,8,5
559,129,9,5
181,489,9,3
630,22,9,1
1274,155,9,5
494,120,9,5
1820,77338,9,5
336,497,9,4
3064,383498,9,5
3659,634649,9,5
899,272,9,1
586,121,9,5
683,122,9,1
622,12,9,4
318,550,9,1
373,98,9,2
2119,157336,10,5
1584,27205,10,5
239,637,10,5
2567,297762,10,1
2172,244786,10,5
1274,155,10,5
523,557,10,5
181,489,10,4
275,603,10,5
1274,155,11,5
622,12,11,5
630,22,11,5
899,272,11,5
523,557,11,5
318,550,11,5
239,637,11,1
1702,10195,11,5
2038,122906,12,5
181,489,12,4
1938,49051,12,1
1820,77338,12,4
2901,346364,12,4
622,12,12,5
2087,152601,12,5
2322,284054,13,5
3293,496243,13,5
866,4935,13,5
2325,299534,13,5
0,862,13,5
2810,263115,13,5
2327,283995,13,5
733,673,13,5
559,129,13,5
1802,49026,14,5
3316,568160,14,5
2172,244786,14,5
899,272,14,5
181,489,14,5
1274,155,14,5
483,585,14,4
2321,293660,14,4
2087,152601,14,2
3293,496243,14,4
2219,245891,14,3
2119,157336,14,5
523,557,15,5
559,129,15,5
2318,99861,15,5
3316,568160,15,5
2119,157336,15,5
622,12,15,5
2081,106646,15,4
1231,6479,15,4
1303,10681,16,5
2178,118340,16,5
2325,299534,16,4
2326,284053,16,3
2315,76341,16,4
0,862,16,4
275,603,16,5
1801,70160,16,4
523,557,16,4
2322,284054,16,3
1288,1726,16,4
1759,24428,16,4
1565,10138,16,3
2329,284052,16,4
1435,14160,16,4
2327,283995,16,5
1515,19995,16,5
2219,245891,16,4
2324,299536,16,4
2449,259316,16,4
2321,293660,16,4
1702,10195,16,3
1274,155,16,3
2132,100402,16,3
622,12,16,4
630,22,16,4
483,585,16,4
3659,634649,16,4
3325,475557,16,4
3064,383498,16,4
2265,135397,16,4
2942,354912,16,4
2201,198663,16,3
3293,496243,16,4
2316,140607,16,2
1989,68721,16,3
2320,102899,16,4
2445,150540,16,4
2328,271110,16,3
1637,12444,17,5
2265,135397,17,4
2325,299534,17,4
1288,1726,17,2
2324,299536,17,3
2942,354912,17,3
2321,293660,17,4
3659,634649,17,3
1734,1771,17,4
3325,475557,17,3
3064,383498,17,4
1759,24428,17,4
1452,767,17,5
1435,14160,17,3
2320,102899,17,1
2318,99861,17,5
1176,675,17,4
0,862,17,3
1732,12445,17,5
2567,297762,17,3
2322,284054,17,3
2081,106646,17,4
2445,150540,17,3
1584,27205,17,4
2449,259316,17,4
1303,10681,17,5
1801,70160,17,5
2328,271110,17,3
1702,10195,17,4
2500,281957,17,2
2327,283995,17,4
2329,284052,17,5
2178,118340,17,5
866,4935,17,3
1515,19995,17,3
2132,100402,17,2
2326,284053,17,2
2201,198663,17,5
559,129,17,4
574,672,17,3
373,98,17,4
181,489,17,4
963,674,17,5
484,671,17,4
622,12,17,3
185,597,17,5
523,557,17,4
733,673,17,5
1515,19995,18,5
2322,284054,18,4
733,673,18,5
2745,313369,18,5
2326,284053,18,4
1801,70160,18,4
630,22,18,3
2327,283995,18,5
1231,6479,18,3
866,4935,18,5
318,550,18,4
523,557,18,3
622,12,19,4
1802,49026,19,5
1515,19995,19,2
2324,299536,19,5
483,585,19,4
1303,10681,19,5
2119,157336,19,5
630,22,19,1
2325,299534,19,4
185,597,19,2
2172,244786,19,5
239,637,19,5
1584,27205,19,5
866,4935,19,4
2745,313369,19,1
559,129,19,5
596,598,19,4
3293,496243,19,4
176,37165,19,3
1134,1271,20,4
1938,49051,20,2
1274,155,20,5
2326,284053,20,1
586,121,20,5
2119,157336,20,5
1420,16869,20,5
2316,140607,20,1
3316,568160,20,5
1801,70160,20,4
683,122,20,5
494,120,20,4
2567,297762,20,1
2265,135397,20,3
574,672,21,5
523,557,21,5
483,585,21,4
2172,244786,21,5
622,12,21,3
899,272,21,5
1303,10681,21,5
1515,19995,21,5
484,671,21,5
1274,155,21,5
733,673,21,3
239,637,21,4
2315,76341,21,5
2745,313369,22,5
1435,14160,22,5
185,597,22,3
622,12,22,5
484,671,22,5
1759,24428,22,5
181,489,22,5
523,557,22,4
483,585,22,5
2942,354912,22,5
574,672,22,5
2178,118340,23,5
2942,354912,23,4
185,597,23,5
1938,49051,23,2
622,12,23,5
1435,14160,23,4
1759,24428,23,5
1515,19995,23,3
484,671,23,4
0,862,23,5
3064,383498,23,1
2942,354912,24,5
559,129,24,5
3325,475557,24,4
1231,6479,24,4
2901,346364,24,5
0,862,24,5
484,671,24,5
483,585,24,5
3316,568160,24,5
1435,14160,24,5
2201,198663,25,5
2132,100402,25,5
1134,1271,25,5
1231,6479,25,5
2318,99861,25,5
1515,19995,25,5
2942,354912,25,5
2329,284052,25,5
373,98,25,4
318,550,25,2
1288,1726,25,5
2325,299534,25,5
2219,245891,25,5
2321,293660,25,5
523,557,25,5
1802,49026,26,4
1288,1726,26,4
2318,99861,26,4
1075,1422,26,5
2321,293660,26,4
2081,106646,26,5
1134,1271,26,5
2178,118340,26,4
1734,1771,26,4
1565,10138,26,3
2316,140607,26,3
2810,263115,26,5
1637,12444,26,4
1989,68721,26,2
2325,299534,26,3
2119,157336,26,5
2219,245891,26,5
2567,297762,26,3
2324,299536,26,4
1759,24428,26,4
1947,68718,26,4
2172,244786,26,5
1584,27205,26,5
2173,210577,26,5
1435,14160,26,4
2942,354912,26,4
1537,11324,26,5
2328,271110,26,4
3659,634649,26,1
1231,6479,26,5
2445,150540,26,4
3293,496243,26,5
2329,284052,26,5
2901,346364,26,4
1702,10195,26,3
2327,283995,26,4
3325,475557,26,4
1820,77338,26,4
1303,10681,26,5
2087,152601,26,4
3064,383498,26,3
2326,284053,26,2
2320,102899,26,4
275,603,26,5
523,557,26,4
1176,675,26,3
963,674,26,3
373,98,26,5
483,585,26,5
733,673,26,4
336,497,26,5
574,672,26,3
899,272,26,4
318,550,26,5
181,489,26,5
630,22,26,4
1452,767,26,4
0,862,26,5
1274,155,26,5
23,807,26,5
239,637,26,5
622,12,26,5
484,671,26,4
185,597,26,4
630,22,27,4
494,120,27,4
622,12,27,4
1274,155,27,5
586,121,27,4
559,129,27,4
523,557,27,5
683,122,27,4
373,98,27,3
559,129,28,5
1820,77338,28,5
733,673,28,5
622,12,28,5
1938,49051,28,4
336,497,28,4
683,122,28,5
181,489,28,5
1452,767,29,5
574,672,29,5
0,862,29,5
559,129,29,5
483,585,29,5
1176,675,29,5
963,674,29,5
733,673,29,5
484,671,29,5
373,98,29,5
2329,284052,29,5
275,603,29,5
1637,12444,29,5
2173,210577,29,3
1435,14160,29,5
3064,383498,29,5
622,12,29,5
1732,12445,29,5
2315,76341,29,5
2321,293660,29,5
2445,150540,29,5
1231,6479,29,5
1515,19995,29,5
866,4935,29,5
3659,634649,29,4
2201,198663,29,5
1303,10681,29,5
3293,496243,29,3
1515,19995,30,5
176,37165,30,5
2322,284054,30,5
1231,6479,30,2
1732,12445,30,2
239,637,30,5
2324,299536,30,4
185,597,30,3
3316,568160,30,4
523,557,30,4
2942,354912,30,5
1435,14160,30,1
3659,634649,30,4
2325,299534,30,4
483,585,30,2
2320,102899,30,3
2321,293660,30,1
2445,150540,30,4
1801,70160,30,3
2567,297762,30,5
1637,12444,30,1
733,673,30,2
0,862,30,3
1452,767,30,2
866,4935,30,5
275,603,30,3
559,129,30,4
622,12,30,3
1176,675,30,2
574,672,30,4
963,674,30,4
484,671,30,4
1303,10681,30,2
630,22,30,4
2942,354912,31,4
3659,634649,31,4
2745,313369,31,4
3325,475557,31,5
3064,383498,31,5
3293,496243,31,5
622,12,31,5
483,585,31,5
239,637,31,5
630,22,31,4
2445,150540,32,4
1515,19995,32,4
866,4935,32,5
176,37165,32,5
1435,14160,32,5
2038,122906,32,5
1584,27205,32,5
3325,475557,32,5
2178,118340,32,5
1303,10681,32,4
2201,198663,32,5
1947,68718,32,5
1452,767,32,5
574,672,32,5
2315,76341,32,4
1801,70160,32,4
0,862,32,4
2119,157336,32,5
1134,1271,32,5
2081,106646,32,5
559,129,32,5
483,585,32,3
622,12,32,3
3293,496243,32,5
318,550,32,5
336,497,32,5
1420,16869,32,4
2087,152601,32,5
523,557,32,3
2745,313369,32,5
2172,244786,32,5
484,671,33,1
2445,150540,33,4
2081,106646,33,5
630,22,33,4
0,862,33,5
1435,14160,33,5
2942,354912,33,5
483,585,33,5
622,12,33,5
630,22,34,5
373,98,34,5
622,12,34,5
559,129,34,5
1274,155,34,5
318,550,34,5
523,557,34,5
275,603,34,5
483,585,34,5
239,637,34,5
185,597,34,5
483,585,35,4
1435,14160,35,5
622,12,35,4
523,557,35,5
185,597,35,5
2901,346364,35,2
0,862,35,3
2942,354912,35,3
3325,475557,35,5
2038,122906,36,5
2328,271110,36,4
2567,297762,36,3
2178,118340,36,5
2810,263115,36,5
2322,284054,36,5
2315,76341,36,3
2132,100402,36,3
2119,157336,36,5
2942,354912,36,4
2745,313369,36,5
3325,475557,36,5
2445,150540,36,3
3293,496243,36,5
2327,283995,36,5
3659,634649,36,4
2324,299536,36,5
2265,135397,36,2
2219,245891,36,5
3316,568160,36,5
2321,293660,36,5
2316,140607,36,2
2500,281957,36,4
2325,299534,36,5
2449,259316,36,5
2172,244786,36,5
2329,284052,36,4
484,671,36,4
1801,70160,36,5
733,673,36,3
574,672,36,3
239,637,36,5
185,597,36,5
483,585,36,4
318,550,36,5
1274,155,36,5
683,122,36,5
586,121,36,5
494,120,36,5
373,98,36,4
630,22,36,2
622,12,36,4
2081,106646,36,5
963,674,36,5
1176,675,36,4
523,557,36,5
0,862,36,4
1947,68718,36,5
1938,49051,36,5
1452,767,36,5
1515,19995,36,5
1420,16869,36,5
1435,14160,36,5
1732,12445,36,5
1637,12444,36,4
1303,10681,36,5
1759,24428,36,4
1565,10138,36,3
1231,6479,36,4
1734,1771,36,3
866,4935,36,5
1288,1726,36,3
1134,1271,36,5
1702,10195,36,3
733,673,37,5
494,120,37,1
373,98,37,3
2321,293660,37,5
622,12,37,2
176,37165,37,5
559,129,37,5
275,603,38,5
2178,118340,38,4
1303,10681,38,5
630,22,38,5
622,12,38,4
0,862,38,4
483,585,38,2
2329,284052,38,4
239,637,39,5
185,597,39,3
1435,14160,39,4
2132,100402,39,5
0,862,39,5
1802,49026,39,5
483,585,39,4
622,12,39,5
2219,245891,39,5
181,489,39,5
2081,106646,39,4
1801,70160,39,4
1274,155,39,5
176,37165,39,4
1702,10195,39,3
2326,284053,39,4
2320,102899,39,3
630,22,39,4
3659,634649,39,5
523,557,39,5
1734,1771,39,5
1702,10195,40,4
0,862,40,5
2445,150540,40,4
2201,198663,40,5
1288,1726,40,5
3325,475557,40,4
1734,1771,40,5
1802,49026,40,5
1801,70160,40,5
2119,157336,40,5
1231,6479,40,5
1515,19995,40,5
2901,346364,40,3
1303,10681,40,5
2810,263115,40,5
1565,10138,40,4
1435,14160,40,4
2315,76341,40,5
2081,106646,40,3
483,585,40,4
185,597,40,3
523,557,40,5
2038,122906,40,4
622,12,40,5
1274,155,40,5
494,120,41,1
1515,19995,41,3
185,597,41,5
2901,346364,41,5
483,585,41,5
2942,354912,41,5
3064,383498,41,5
484,671,41,5
3325,475557,41,5
1435,14160,41,4
3293,496243,41,5
3659,634649,41,5
963,674,41,5
2567,297762,41,3
2321,293660,41,5
2329,284052,41,5
2320,102899,41,4
2316,140607,41,5
2445,150540,41,5
2265,135397,41,4
622,12,41,4
630,22,41,4
2322,284054,41,5
2219,245891,41,5
2449,259316,41,5
2327,283995,41,5
1759,24428,41,5
2178,118340,41,5
2326,284053,41,4
2172,244786,41,5
1732,12445,41,5
2315,76341,41,4
0,862,41,5
373,98,41,3
2437,286217,41,5
239,637,41,4
1734,1771,41,3
2318,99861,41,4
866,4935,41,4
1452,767,41,5
1176,675,41,5
1303,10681,41,5
574,672,41,5
1637,12444,41,5
1801,70160,41,5
586,121,41,1
1231,6479,41,4
733,673,41,5
275,603,41,5
2119,157336,42,5
1801,70160,42,5
2087,152601,42,5
630,22,42,5
1515,19995,42,5
2265,135397,42,4
2942,354912,42,5
1435,14160,42,5
483,585,42,5
3293,496243,42,2
2038,122906,42,5
2324,299536,42,2
239,637,42,4
373,98,42,3
3659,634649,42,3
0,862,42,5
622,12,42,4
1274,155,42,2
2201,198663,42,4
2901,346364,42,2
484,671,42,5
318,550,43,4
1732,12445,43,1
2172,244786,43,4
574,672,43,1
733,673,43,1
963,674,43,1
1802,49026,43,4
1176,675,43,1
1452,767,43,1
1947,68718,43,5
484,671,43,1
336,497,43,4
2219,245891,43,4
523,557,43,4
2318,99861,43,1
1801,70160,43,1
1989,68721,43,2
2132,100402,43,5
2567,297762,43,4
2329,284052,43,3
2324,299536,43,5
3293,496243,43,5
3064,383498,43,4
2322,284054,43,2
2901,346364,43,3
3659,634649,43,2
2325,299534,43,3
2178,118340,43,4
2328,271110,43,5
2327,283995,43,4
2321,293660,43,4
1231,6479,43,3
176,37165,43,4
2942,354912,43,3
2449,259316,43,3
483,585,43,3
0,862,43,3
1420,16869,43,5
1637,12444,43,1
1938,49051,43,4
2081,106646,43,4
1288,1726,43,4
2119,157336,43,5
2326,284053,43,3
2320,102899,43,4
1515,19995,43,3
2445,150540,43,4
1734,1771,43,4
1565,10138,43,3
1702,10195,43,3
1303,10681,43,4
1537,11324,43,4
239,637,43,4
1759,24428,43,4
1435,14160,43,4
2316,140607,43,4
181,489,43,4
3325,475557,43,5
1274,155,43,5
683,122,43,5
494,120,43,5
586,121,43,5
899,272,43,4
622,12,43,4
483,585,44,3
2500,281957,44,3
523,557,44,4
683,122,44,5
1288,1726,44,4
176,37165,44,5
3659,634649,44,2
1303,10681,44,5
586,121,44,5
1274,155,44,5
1420,16869,44,5
0,862,44,3
1584,27205,44,4
484,671,44,1
1938,49051,44,4
318,550,44,4
3293,496243,44,4
1435,14160,44,4
630,22,44,3
1734,1771,44,3
2172,244786,44,5
2087,152601,44,4
2219,245891,44,4
2119,157336,44,4
2081,106646,44,4
2173,210577,44,3
3325,475557,44,4
494,120,44,5
622,12,44,4
181,489,44,5
2810,263115,44,4
373,98,44,4
1947,68718,44,4
336,497,44,4
2567,297762,44,2
1231,6479,44,3
23,807,44,4
2132,100402,44,3
2445,150540,44,3
596,598,44,5
2321,293660,44,3
1989,68721,44,1
1075,1422,44,4
1537,11324,44,4
1759,24428,44,3
1820,77338,44,4
239,637,44,4
1274,155,45,5
275,603,45,3
2178,118340,45,5
2132,100402,45,5
1734,1771,45,3
2567,297762,45,3
2328,271110,45,3
1288,1726,45,4
523,557,45,4
1989,68721,45,3
1565,10138,45,4
2810,263115,45,5
1702,10195,45,2
0,862,45,4
1759,24428,45,4
899,272,45,4
2318,99861,45,3
3293,496243,45,4
622,12,45,4
2324,299536,45,4
483,585,45,3
2320,102899,45,3
2745,313369,45,5
2942,354912,45,4
2567,297762,46,2
2500,281957,46,3
2437,286217,46,3
1734,1771,46,3
2321,293660,46,3
2326,284053,46,2
1515,19995,46,3
185,597,46,3
0,862,46,4
2325,299534,46,2
275,603,46,4
2327,283995,46,4
586,121,46,5
2322,284054,46,2
1584,27205,46,4
2329,284052,46,3
1288,1726,46,3
2316,140607,46,2
1702,10195,46,2
2445,150540,46,4
2265,135397,46,2
483,585,46,4
2119,157336,46,4
2178,118340,46,4
3325,475557,46,3
2201,198663,46,2
2320,102899,46,3
559,129,46,5
3064,383498,46,3
2132,100402,46,3
683,122,46,5
2318,99861,46,1
1820,77338,46,5
2315,76341,46,5
176,37165,46,4
2942,354912,46,2
1802,49026,46,3
494,120,46,4
2219,245891,46,4
2901,346364,46,4
1565,10138,46,1
239,637,46,5
2745,313369,46,4
1989,68721,46,1
2328,271110,46,2
2324,299536,46,4
3659,634649,46,2
2810,263115,46,4
1759,24428,46,4
866,4935,46,5
1303,10681,46,5
484,671,46,3
1420,16869,46,4
1274,155,46,4
1435,14160,46,3
899,272,46,3
1938,49051,46,3
523,557,46,3
899,272,47,4
523,557,47,5
3659,634649,47,5
2318,99861,47,5
683,122,47,3
1989,68721,47,5
1274,155,47,4
2322,284054,47,5
3325,475557,47,4
1515,19995,47,2
2119,157336,47,5
2329,284052,47,5
1759,24428,47,5
1801,70160,47,5
185,597,47,5
1802,49026,47,5
1702,10195,47,5
1452,767,47,2
1734,1771,47,5
484,671,47,2
586,121,47,3
2265,135397,47,5
574,672,47,2
1938,49051,47,5
2316,140607,47,5
483,585,47,5
2901,346364,47,3
1288,1726,47,5
2132,100402,47,5
494,120,47,3
2219,245891,47,5
373,98,47,2
733,673,47,2
2324,299536,47,5
2942,354912,47,5
2326,284053,47,5
1176,675,47,2
2445,150540,47,5
963,674,47,2
1303,10681,47,5
2325,299534,47,5
1134,1271,47,2
630,22,47,5
1565,10138,47,5
2328,271110,47,5
239,637,47,5
0,862,47,5
2327,283995,47,5
1435,14160,47,5
622,12,47,5
2178,118340,47,5
0,862,48,4
1274,155,48,3
683,122,48,3
2320,102899,48,3
1801,70160,48,3
1452,767,48,3
1637,12444,48,2
3064,383498,48,5
1134,1271,48,2
2328,271110,48,4
622,12,48,5
2321,293660,48,5
1947,68718,48,5
2316,140607,48,2
574,672,48,3
586,121,48,3
523,557,48,4
2327,283995,48,5
2119,157336,48,5
336,497,48,4
1303,10681,48,5
483,585,48,5
2326,284053,48,2
2087,152601,48,5
1938,49051,48,3
1231,6479,48,3
1176,675,48,3
2325,299534,48,4
494,120,48,3
2324,299536,48,4
2132,100402,48,4
2445,150540,48,5
185,597,48,5
963,674,48,3
2265,135397,48,2
1565,10138,48,2
373,98,48,4
2745,313369,48,5
484,671,48,3
2942,354912,48,3
1734,1771,48,4
2329,284052,48,3
3659,634649,48,4
1435,14160,48,5
733,673,48,5
2038,122906,48,5
2172,244786,48,5
239,637,48,5
1288,1726,48,4
3293,496243,48,5
176,37165,48,5
2081,106646,48,5
1989,68721,48,1
2901,346364,48,5
3325,475557,48,5
2318,99861,48,3
899,272,49,4
2316,140607,49,3
523,557,49,4
1702,10195,49,2
559,129,49,4
1734,1771,49,3
1288,1726,49,4
586,121,49,5
373,98,49,5
494,120,49,4
2219,245891,49,4
318,550,49,4
1515,19995,49,4
1802,49026,49,5
1274,155,49,5
683,122,49,5
275,603,49,4
483,585,50,3
3293,496243,50,5
2119,157336,50,5
2567,297762,50,3
1801,70160,50,5
2173,210577,50,5
1515,19995,50,5
1274,155,50,3
1565,10138,50,5
2437,286217,50,5
2201,198663,50,5
622,12,50,4
2901,346364,50,3
185,597,50,4
181,489,50,5
1537,11324,50,4
1820,77338,50,5
0,862,50,3
2038,122906,50,5
239,637,50,5
1303,10681,50,5
2745,313369,50,5
1584,27205,50,5
2172,244786,50,5
1303,10681,51,4
373,98,51,5
483,585,51,4
1231,6479,51,5
1134,1271,51,5
336,497,51,4
275,603,51,5
523,557,51,5
1274,155,51,3
683,122,51,5
185,597,51,3
494,120,51,5
1759,24428,51,3
630,22,51,4
1435,14160,51,4
2219,245891,51,5
586,121,51,5
318,550,51,5
3325,475557,51,3
622,12,51,5
1820,77338,51,5
559,129,51,4
1584,27205,51,4
1702,10195,52,5
185,597,52,2
2315,76341,52,4
1274,155,52,5
1420,16869,52,5
1303,10681,52,5
2219,245891,52,2
2132,100402,52,4
1565,10138,52,4
3064,383498,52,2
1759,24428,52,5
523,557,52,5
2081,106646,52,1
1435,14160,52,2
2318,99861,52,5
483,585,52,4
2328,271110,52,5
484,671,52,4
1734,1771,52,2
2445,150540,52,4
2178,118340,52,5
2745,313369,52,1
3659,634649,52,3
2320,102899,52,3
2567,297762,52,5
1288,1726,52,4
2329,284052,52,5
899,272,52,5
2119,157336,52,5
3325,475557,52,5
2173,210577,52,3
2327,283995,52,5
3293,496243,52,4
574,672,52,4
2326,284053,52,5
1515,19995,52,5
0,862,52,5
1801,70160,52,4
622,12,52,2
2081,106646,53,4
373,98,53,5
899,272,53,3
2178,118340,53,4
1515,19995,53,5
1435,14160,53,5
3316,568160,53,3
2745,313369,53,5
1303,10681,53,5
23,807,53,4
185,597,53,4
622,12,53,4
2315,76341,53,3
2326,284053,53,4
1231,6479,53,5
1637,12444,53,3
2119,157336,53,5
275,603,53,5
181,489,53,3
2500,281957,53,5
733,673,53,5
866,4935,53,1
2437,286217,53,3
2901,346364,53,3
483,585,53,5
1134,1271,53,3
2172,244786,53,5
1801,70160,53,2
586,121,53,3
176,37165,55,4
2132,100402,55,4
2172,244786,55,3
1452,767,55,1
2038,122906,55,3
2081,106646,55,5
318,550,55,5
1515,19995,55,3
1176,675,55,1
185,597,55,2
2901,346364,55,3
2942,354912,55,3
2087,152601,55,4
1801,70160,55,3
963,674,55,1
1274,155,55,2
181,489,55,4
2201,198663,55,3
683,122,55,1
2316,140607,55,2
3325,475557,55,3
2745,313369,55,3
1734,1771,55,3
622,12,55,3
1820,77338,55,3
2119,157336,55,5
2219,245891,55,3
3293,496243,55,4
586,121,55,1
1303,10681,55,3
899,272,55,2
0,862,55,3
2328,271110,55,3
373,98,55,2
1637,12444,55,1
1565,10138,55,2
3659,634649,55,4
484,671,55,1
2500,281957,55,4
1989,68721,55,2
1938,49051,55,1
559,129,55,1
3316,568160,55,3
630,22,55,3
523,557,55,5
1732,12445,55,1
1759,24428,55,3
1231,6479,55,4
2324,299536,55,4
574,672,55,1
733,673,55,1
494,120,55,1
1288,1726,55,3
2437,286217,55,5
2325,299534,55,3
239,637,55,4
2318,99861,55,2
1702,10195,55,2
1734,1771,56,5
185,597,56,3
574,672,56,5
484,671,56,5
239,637,56,1
275,603,56,1
596,598,56,1
622,12,56,5
483,585,56,5
523,557,56,5
318,550,56,5
630,22,56,3
2038,122906,56,5
336,497,56,3
181,489,56,5
494,120,56,5
899,272,56,4
1274,155,56,3
559,129,56,4
586,121,56,5
373,98,56,1
1820,77338,56,5
683,122,56,5
3293,496243,56,5
2119,157336,56,5
1288,1726,57,5
1420,16869,57,5
2172,244786,57,3
2038,122906,57,5
2437,286217,57,5
683,122,57,5
1274,155,57,5
2081,106646,57,5
2219,245891,57,5
494,120,57,5
1734,1771,57,5
1231,6479,57,5
586,121,57,3
181,489,57,5
1515,19995,57,5
1303,10681,57,3
1989,68721,57,1
2315,76341,57,4
622,12,57,3
2201,198663,57,5
3325,475557,57,4
2901,346364,57,5
3064,383498,57,5
630,22,57,4
1820,77338,57,5
23,807,57,5
0,862,58,5
1938,49051,58,2
3659,634649,58,3
181,489,58,5
523,557,58,5
494,120,58,2
185,597,58,5
176,37165,58,4
1303,10681,58,5
1274,155,58,5
1537,11324,58,5
2081,106646,58,4
2315,76341,58,2
622,12,58,3
2119,157336,58,5
2038,122906,58,4
2445,150540,58,4
1420,16869,58,5
239,637,58,5
1231,6479,58,2
373,98,58,5
1515,19995,58,5
2326,284053,58,3
899,272,59,4
181,489,59,5
336,497,59,3
622,12,59,5
318,550,59,4
1584,27205,59,5
1938,49051,59,5
630,22,59,5
523,557,59,5
559,129,59,4
1134,1271,59,5
1820,77338,59,5
494,120,59,4
275,603,59,3
596,598,59,1
586,121,59,4
239,637,59,5
373,98,59,3
2172,244786,59,5
185,597,59,2
683,122,59,4
483,585,59,5
1274,155,59,5
1515,19995,59,5
2326,284053,60,5
622,12,60,4
2745,313369,60,1
2322,284054,60,4
1801,70160,60,3
1303,10681,60,4
2324,299536,60,5
494,120,60,4
1274,155,60,4
2445,150540,60,5
1515,19995,60,4
523,557,60,4
2119,157336,60,4
185,597,60,4
1435,14160,60,5
559,129,60,1
3325,475557,60,4
2810,263115,60,3
2265,135397,60,3
2201,198663,60,3
866,4935,60,4
2178,118340,61,1
484,671,61,5
2265,135397,61,4
2132,100402,61,3
733,673,61,5
963,674,61,5
574,672,61,5
630,22,61,5
373,98,61,5
1637,12444,61,5
622,12,61,5
1303,10681,61,5
1759,24428,61,3
1435,14160,61,4
0,862,61,2
1176,675,61,5
2318,99861,61,4
1820,77338,61,4
483,585,61,5
275,603,61,2
1452,767,61,5
523,557,61,5
1231,6479,61,3
1515,19995,61,5
185,597,61,2
2038,122906,61,1
239,637,61,5
1732,12445,61,5
1801,70160,61,4
1802,49026,61,3
2320,102899,62,3
3064,383498,62,4
2326,284053,62,3
3293,496243,62,4
3659,634649,62,4
2322,284054,62,3
2745,313369,62,3
2324,299536,62,4
3316,568160,62,3
3325,475557,62,4
2321,293660,62,4
2942,354912,62,4
2901,346364,62,3
2325,299534,62,4
2445,150540,62,3
1515,19995,62,3
373,98,62,5
2119,157336,62,4
1420,16869,62,2
1435,14160,62,4
1565,10138,62,2
2178,118340,62,3
1702,10195,62,3
866,4935,62,4
1734,1771,62,3
1231,6479,62,3
622,12,62,3
523,557,62,4
1288,1726,62,4
1303,10681,62,4
2810,263115,62,3
2567,297762,62,2
1759,24428,62,4
2081,106646,62,4
2329,284052,62,3
239,637,62,4
2132,100402,62,2
0,862,62,4
1820,77338,62,4
2328,271110,62,3
181,489,62,4
2318,99861,62,3
1801,70160,62,3
1989,68721,62,3
559,129,62,4
483,585,62,3
2327,283995,62,4
559,129,63,5
1802,49026,63,5
373,98,63,5
2321,293660,63,5
176,37165,63,3
2173,210577,63,5
2172,244786,63,5
2745,313369,63,1
1801,70160,63,3
2081,106646,63,3
336,497,63,5
2901,346364,63,5
866,4935,63,5
2038,122906,63,3
2178,118340,63,5
2449,259316,63,1
2201,198663,63,5
3293,496243,63,5
1303,10681,63,2
484,671,63,4
318,550,63,5
1702,10195,64,2
523,557,64,4
318,550,64,4
2316,140607,64,3
586,121,64,5
1515,19995,64,3
1288,1726,64,4
2326,284053,64,4
494,120,64,4
2132,100402,64,5
1274,155,64,5
1734,1771,64,2
1989,68721,64,3
275,603,64,4
484,671,64,4
683,122,64,5
1176,675,64,3
2219,245891,64,4
559,129,64,4
899,272,64,4
373,98,64,5
963,674,64,5
2178,118340,65,5
1801,70160,65,4
2219,245891,65,5
2326,284053,65,3
484,671,65,4
2201,198663,65,5
574,672,65,3
2318,99861,65,4
1452,767,65,3
2329,284052,65,5
1288,1726,65,4
963,674,65,5
185,597,65,3
483,585,65,5
494,120,65,5
1734,1771,65,5
630,22,65,5
1702,10195,65,5
1303,10681,65,5
2119,157336,65,5
1732,12445,65,5
1435,14160,65,5
1759,24428,65,5
2810,263115,65,3
2119,157336,66,5
1537,11324,66,4
1515,19995,66,4
1435,14160,66,4
1584,27205,66,4
1231,6479,66,4
483,585,66,5
2437,286217,66,4
2445,150540,66,4
523,557,66,5
275,603,66,4
622,12,66,4
630,22,66,3
0,862,66,4
1274,155,66,5
1288,1726,66,5
899,272,66,4
1303,10681,66,4
1759,24428,66,4
2318,99861,66,4
2132,100402,66,5
1734,1771,66,4
622,12,67,4
963,674,68,4
1732,12445,68,3
1820,77338,68,5
1515,19995,68,4
1938,49051,68,4
336,497,68,4
2324,299536,68,4
23,807,68,5
630,22,68,4
2745,313369,68,2
2316,140607,68,3
2081,106646,68,5
484,671,68,5
239,637,68,5
2321,293660,68,5
622,12,68,4
494,120,68,5
586,121,68,5
733,673,68,5
318,550,68,4
185,597,68,4
683,122,68,5
1759,24428,69,5
1435,14160,69,3
0,862,69,5
1288,1726,69,5
176,37165,69,5
2119,157336,69,5
1820,77338,69,5
2178,118340,69,5
2265,135397,69,3
23,807,69,4
2320,102899,69,5
484,671,69,2
1515,19995,69,4
483,585,69,5
336,497,69,3
275,603,69,3
899,272,69,4
1274,155,69,4
630,22,69,5
523,557,69,4
622,12,69,5
185,597,69,5
3325,475557,70,2
1820,77338,70,5
1989,68721,70,5
1274,155,70,5
1515,19995,70,5
2318,99861,70,5
1759,24428,70,5
2219,245891,70,5
1303,10681,70,5
1435,14160,70,4
1565,10138,70,5
574,672,70,1
483,585,70,5
373,98,70,5
2316,140607,70,5
683,122,70,5
523,557,70,5
622,12,70,5
1134,1271,70,5
559,129,70,5
0,862,70,5
2132,100402,71,4
494,120,71,4
2119,157336,71,5
586,121,71,3
1802,49026,71,4
683,122,71,3
1801,70160,71,5
2326,284053,71,3
1584,27205,71,5
3325,475557,71,4
1303,10681,71,4
1938,49051,71,3
1565,10138,71,5
1989,68721,71,5
239,637,71,5
2318,99861,71,3
1515,19995,71,4
2219,245891,71,4
1732,12445,71,5
2201,198663,71,5
1134,1271,71,4
3316,568160,71,5
1820,77338,71,5
2449,259316,71,5
2328,271110,71,3
2178,118340,71,5
1537,11324,71,4
2445,150540,71,5
2327,283995,71,3
2322,284054,71,3
2329,284052,71,5
1759,24428,71,4
2081,106646,71,5
2265,135397,71,5
2320,102899,71,5
2325,299534,71,4
2172,244786,71,5
2324,299536,71,5
318,550,71,3
185,597,71,3
3064,383498,71,5
2038,122906,71,5
2321,293660,71,5
3659,634649,71,4
1452,767,71,5
1435,14160,71,4
275,603,71,5
733,673,71,4
523,557,71,5
181,489,71,5
1734,1771,71,5
559,129,71,4
899,272,71,5
483,585,71,5
1176,675,71,4
1288,1726,71,5
1274,155,71,5
1702,10195,71,5
0,862,71,5
373,98,71,4
1637,12444,71,5
630,22,71,5
484,671,71,5
2901,346364,71,4
574,672,71,4
2942,354912,71,4
622,12,71,5
963,674,71,4
1231,6479,71,5
185,597,72,5
2173,210577,72,5
2901,346364,72,4
2445,150540,72,5
483,585,72,5
2745,313369,72,5
2119,157336,72,5
318,550,72,5
559,129,72,5
2038,122906,72,4
1435,14160,72,5
2942,354912,72,5
866,4935,72,5
3316,568160,72,5
622,12,72,5
239,637,72,5
0,862,72,5
484,671,72,5
1801,70160,72,5
3293,496243,72,5
3325,475557,72,4
484,671,73,3
523,557,73,5
622,12,73,4
483,585,73,5
494,120,73,4
185,597,73,3
1274,155,73,5
622,12,74,4
1759,24428,74,4
523,557,74,5
483,585,74,4
1537,11324,74,5
2132,100402,74,5
239,637,74,5
1435,14160,74,4
1303,10681,74,3
0,862,74,4
2178,118340,75,5
1515,19995,75,4
2325,299534,75,5
2316,140607,75,5
2265,135397,75,5
2810,263115,75,4
2324,299536,75,5
1759,24428,75,4
494,120,75,1
2942,354912,75,5
1231,6479,75,5
2901,346364,75,4
1435,14160,75,4
1303,10681,75,4
2445,150540,75,4
630,22,75,5
1801,70160,75,5
2328,271110,75,4
2327,283995,75,5
483,585,75,5
0,862,75,5
622,12,75,4
1452,767,76,5
483,585,76,5
1176,675,76,5
1435,14160,76,3
1801,70160,76,5
622,12,76,4
1231,6479,76,4
523,557,76,4
2449,259316,76,3
3325,475557,76,1
963,674,76,5
2745,313369,76,2
239,637,76,5
2567,297762,76,3
3316,568160,76,5
185,597,76,5
586,121,76,1
484,671,76,5
0,862,76,5
494,120,76,1
683,122,76,1
574,672,76,5
2942,354912,76,1
733,673,76,5
559,129,76,4
2219,245891,77,5
1801,70160,77,5
2901,346364,77,1
3293,496243,77,5
2745,313369,77,4
1420,16869,77,5
2087,152601,77,5
2316,140607,77,1
2321,293660,77,5
1820,77338,77,5
2172,244786,77,5
866,4935,77,5
373,98,77,5
630,22,77,5
176,37165,77,4
559,129,77,5
318,550,77,5
622,12,77,4
1303,10681,77,5
2119,157336,77,5
275,603,77,5
2321,293660,78,5
2201,198663,78,5
963,674,78,5
574,672,78,4
3325,475557,78,4
2219,245891,78,5
733,673,78,5
494,120,78,1
1989,68721,78,2
1231,6479,78,5
185,597,78,3
523,557,78,4
2119,157336,78,5
3316,568160,78,5
1435,14160,78,5
630,22,78,5
373,98,78,5
1515,19995,78,5
1801,70160,78,5
1134,1271,78,5
899,272,78,5
1274,155,78,5
523,557,79,5
2315,76341,79,5
2325,299534,79,5
622,12,79,5
2324,299536,79,5
176,37165,79,5
181,489,79,5
336,497,79,5
1802,49026,79,5
1732,12445,79,5
574,672,79,5
1820,77338,79,5
2119,157336,79,5
1176,675,79,5
1637,12444,79,5
484,671,79,4
0,862,79,4
483,585,79,5
963,674,79,4
733,673,79,4
239,637,79,5
899,272,80,5
622,12,80,5
683,122,80,3
559,129,80,1
586,121,80,3
494,120,80,1
373,98,80,3
1274,155,80,5
318,550,80,5
630,22,80,4
523,557,81,5
2329,284052,81,4
2445,150540,81,3
239,637,81,3
2325,299534,81,5
2901,346364,81,4
1231,6479,81,4
1515,19995,81,2
2119,157336,81,5
2942,354912,81,4
622,12,81,4
483,585,81,5
3293,496243,81,5
559,129,81,5
3316,568160,81,5
185,597,81,4
1288,1726,81,5
1801,70160,81,5
1303,10681,81,5
0,862,81,3
1989,68721,81,3
1435,14160,81,4
2500,281957,81,5
1435,14160,82,5
963,674,82,5
3659,634649,82,3
733,673,82,5
1759,24428,82,4
2810,263115,82,5
2901,346364,82,5
523,557,82,5
1820,77338,82,5
275,603,82,5
2942,354912,82,3
2132,100402,82,5
2449,259316,82,5
483,585,82,5
3293,496243,82,5
2172,244786,82,4
1303,10681,82,5
2318,99861,82,4
2445,150540,82,5
2322,284054,82,5
2173,210577,82,5
2327,283995,82,5
1801,70160,82,5
2178,118340,82,5
2320,102899,82,5
1989,68721,82,5
1734,1771,82,5
2329,284052,82,5
1537,11324,82,5
559,129,82,5
1702,10195,82,4
2219,245891,82,5
2321,293660,82,5
0,862,82,5
574,672,82,5
622,12,82,5
484,671,82,5
1565,10138,82,5
630,22,82,5
1288,1726,82,5
239,637,82,5
2119,157336,82,5
3325,475557,82,5
1176,675,82,5
1452,767,82,5
1732,12445,82,4
2745,313369,82,5
1637,12444,82,4
1274,155,83,5
523,557,83,5
1515,19995,83,4
1303,10681,83,5
3659,634649,83,3
3325,475557,83,5
1537,11324,83,5
483,585,83,5
1231,6479,83,5
1820,77338,83,5
622,12,83,4
1565,10138,83,5
1759,24428,83,5
1702,10195,83,4
1801,70160,83,5
2445,150540,83,4
1435,14160,83,5
0,862,83,5
1288,1726,83,5
1734,1771,83,5
559,129,83,5
2172,244786,83,5
1802,49026,83,5
181,489,83,5
899,272,83,5
630,22,83,5
2449,259316,84,2
1435,14160,84,4
1537,11324,84,5
1734,1771,84,3
622,12,84,4
733,673,84,1
484,671,84,1
2172,244786,84,4
373,98,84,4
523,557,84,4
2325,299534,84,4
1801,70160,84,2
239,637,84,5
2445,150540,84,4
2119,157336,84,4
2329,284052,84,5
0,862,84,4
2316,140607,84,3
2132,100402,84,5
3659,634649,84,5
2324,299536,84,5
2318,99861,84,5
2320,102899,84,4
2318,99861,85,5
2315,76341,85,5
899,272,85,5
1820,77338,85,5
3325,475557,85,3
2132,100402,85,5
483,585,85,5
1802,49026,85,4
1584,27205,85,3
523,557,85,5
1759,24428,85,5
1989,68721,85,3
1801,70160,85,5
2320,102899,85,5
622,12,85,5
2901,346364,85,4
630,22,85,2
3064,383498,85,5
2325,299534,85,4
2567,297762,85,5
2321,293660,85,5
1274,155,85,5
2322,284054,85,5
2500,281957,85,4
2119,157336,85,4
2265,135397,85,3
1515,19995,85,4
2445,150540,85,5
559,129,85,4
2178,118340,85,5
2081,106646,85,5
2327,283995,85,5
1435,14160,85,4
2942,354912,85,4
1231,6479,85,4
1734,1771,85,5
1702,10195,85,4
275,603,85,4
1303,10681,85,4
1288,1726,85,5
1565,10138,85,4
239,637,85,5
23,807,85,4
185,597,85,4
0,862,85,5
1274,155,86,5
683,122,86,5
2172,244786,86,5
1537,11324,86,5
1802,49026,86,4
275,603,86,5
483,585,86,5
336,497,86,4
181,489,86,4
1947,68718,86,4
586,121,86,3
494,120,86,4
866,4935,86,5
373,98,86,2
559,129,86,5
1134,1271,86,2
2810,263115,86,5
2119,157336,86,5
1938,49051,86,4
622,12,86,5
318,550,86,4
2081,106646,86,4
2087,152601,86,5
1420,16869,86,5
3325,475557,86,5
2087,152601,87,1
0,862,87,4
483,585,87,3
181,489,87,2
1702,10195,87,1
185,597,87,3
2445,150540,87,3
523,557,87,3
2119,157336,87,2
1303,10681,87,3
2172,244786,87,3
176,37165,87,4
1820,77338,87,3
1435,14160,87,3
2328,271110,87,2
1274,155,87,4
1802,49026,87,4
1515,19995,87,2
622,12,87,3
1584,27205,87,2
1801,70160,87,2
523,557,88,5
1435,14160,88,5
2038,122906,88,5
1801,70160,88,5
1274,155,88,4
2081,106646,88,5
866,4935,88,4
2901,346364,88,5
1420,16869,88,5
483,585,88,5
239,637,88,5
1303,10681,88,5
733,673,88,5
1231,6479,88,5
630,22,88,4
2325,299534,88,5
2445,150540,88,5
2219,245891,88,5
318,550,88,5
1515,19995,88,5
1820,77338,88,5
1134,1271,88,5
1947,68718,88,5
1584,27205,89,4
1303,10681,89,4
630,22,89,4
1231,6479,89,3
1515,19995,89,4
622,12,89,3
373,98,89,4
2219,245891,89,4
1420,16869,89,4
523,557,89,2
2172,244786,89,3
318,550,89,3
1947,68718,89,4
181,489,89,3
3064,383498,89,2
1537,11324,89,3
1134,1271,89,4
2081,106646,89,3
2321,293660,89,4
2038,122906,91,5
2119,157336,91,5
1303,10681,91,5
1537,11324,91,5
2901,346364,91,4
2201,198663,91,4
336,497,91,5
1801,70160,91,4
181,489,91,4
1515,19995,91,5
3293,496243,91,4
1288,1726,91,5
239,637,91,5
275,603,91,5
318,550,91,5
1274,155,91,5
630,22,91,4
622,12,91,5
23,807,91,5
1288,1726,92,5
185,597,92,4
483,585,92,5
1802,49026,92,5
318,550,92,5
181,489,92,3
1734,1771,92,5
523,557,92,5
1134,1271,92,3
0,862,92,5
23,807,92,4
1452,767,92,5
1176,675,92,5
275,603,92,4
963,674,92,5
239,637,92,5
733,673,92,5
484,671,92,5
574,672,92,5
596,598,92,2
899,272,92,5
336,497,92,3
586,121,92,1
683,122,92,1
373,98,92,5
559,129,92,4
630,22,92,5
1274,155,92,5
622,12,92,5
494,120,92,1
2318,99861,93,5
1565,10138,93,5
2316,140607,93,3
275,603,93,5
0,862,93,3
2081,106646,93,5
1274,155,93,3
1989,68721,93,5
1702,10195,93,5
2329,284052,93,5
2201,198663,93,4
1134,1271,93,5
2119,157336,93,5
2327,283995,93,3
523,557,93,5
1734,1771,93,5
1759,24428,93,5
3659,634649,93,5
1435,14160,93,4
3064,383498,93,4
2178,118340,93,5
1288,1726,93,5
2119,157336,94,5
2445,150540,94,4
1801,70160,94,4
1515,19995,94,5
1134,1271,94,4
0,862,94,5
630,22,94,5
2449,259316,94,5
484,671,94,4
1231,6479,94,4
2324,299536,94,5
2321,293660,94,5
1820,77338,94,4
3325,475557,94,5
622,12,94,4
2325,299534,94,5
523,557,94,5
3659,634649,94,4
181,489,94,4
1435,14160,94,5
2265,135397,94,5
3064,383498,94,2
2901,346364,94,5
1734,1771,95,3
523,557,95,4
1452,767,95,5
2119,157336,95,5
2745,313369,95,5
483,585,95,3
1584,27205,95,5
1303,10681,95,5
3316,568160,95,3
1288,1726,95,5
2326,284053,95,4
2172,244786,95,5
318,550,95,5
2132,100402,95,5
683,122,95,5
1274,155,95,5
630,22,95,4
899,272,95,3
494,120,95,5
275,603,95,5
586,121,95,5
622,12,95,4
1584,27205,96,5
336,497,96,5
630,22,96,5
176,37165,96,5
2119,157336,96,5
2178,118340,96,5
899,272,96,5
2810,263115,96,5
2321,293660,96,5
2132,100402,96,5
1303,10681,96,5
3325,475557,96,5
1734,1771,96,5
1435,14160,96,4
1134,1271,96,4
523,557,96,5
1702,10195,96,3
483,585,96,4
185,597,96,4
0,862,96,3
275,603,96,5
2324,299536,96,5
622,12,96,4
1274,155,96,5
1288,1726,96,5
3316,568160,96,5
2567,297762,97,1
630,22,97,2
586,121,97,5
23,807,97,4
373,98,97,5
1274,155,97,4
3293,496243,97,4
559,129,97,5
1420,16869,97,5
683,122,97,5
494,120,97,5
318,550,97,5
275,603,97,3
899,272,97,4
181,489,97,5
596,598,97,4
622,12,97,3
683,122,98,5
2132,100402,98,5
622,12,98,4
586,121,98,4
275,603,98,5
0,862,98,5
899,272,98,4
2325,299534,98,5
2745,313369,98,2
630,22,98,5
494,120,98,4
2437,286217,98,5
1734,1771,98,4
559,129,98,5
483,585,98,5
185,597,98,3
373,98,98,5
1274,155,98,5
1801,70160,99,5
373,98,99,4
494,120,99,4
318,550,99,3
1288,1726,99,5
1303,10681,99,5
2119,157336,99,5
586,121,99,2
0,862,99,5
523,557,99,4
483,585,99,4
683,122,99,4
275,603,99,5
1584,27205,99,5
622,12,99,3
1515,19995,99,5
559,129,99,4
2081,106646,99,4
1274,155,99,5
630,22,99,5
899,272,99,3
1075,1422,100,5
622,12,100,5
1134,1271,100,3
683,122,100,5
23,807,100,5
1537,11324,100,4
0,862,100,5
1274,155,100,5
1231,6479,100,4
336,497,100,5
586,121,100,5
181,489,100,5
2942,354912,100,1
630,22,100,4
483,585,100,5
866,4935,100,5
185,597,100,3
559,129,100,5
373,98,100,5
176,37165,101,4
2087,152601,101,4
899,272,101,3
586,121,101,4
3293,496243,101,5
2901,346364,101,2
373,98,101,5
2119,157336,101,5
494,120,101,4
1802,49026,101,4
683,122,101,4
2745,313369,101,5
559,129,101,5
239,637,101,5
1231,6479,101,4
336,497,101,4
1274,155,101,5
483,585,101,4
523,557,101,5
1801,70160,101,3
1734,1771,101,5
630,22,101,2
318,550,102,4
1537,11324,102,5
1820,77338,102,5
1420,16869,102,4
239,637,102,5
2172,244786,102,5
1584,27205,102,5
185,597,102,3
1734,1771,102,4
3293,496243,102,5
176,37165,102,4
1947,68718,102,5
23,807,102,5
181,489,102,5
336,497,102,5
2173,210577,102,5
2087,152601,102,5
2081,106646,102,5
1134,1271,102,5
239,637,103,5
3325,475557,103,5
2942,354912,103,5
2324,299536,103,5
899,272,103,5
523,557,103,5
1565,10138,103,5
483,585,103,5
1734,1771,103,5
1303,10681,103,4
1274,155,103,5
2328,271110,103,5
185,597,103,4
1801,70160,103,5
2318,99861,103,4
2081,106646,103,5
622,12,103,5
1288,1726,103,5
1989,68721,103,3
0,862,103,5
2219,245891,103,5
2119,157336,103,5
2322,284054,103,5
1801,70160,104,5
181,489,104,4
899,272,104,3
1274,155,104,4
559,129,104,5
683,122,104,4
586,121,104,4
494,120,104,4
373,98,104,3
630,22,104,4
336,497,104,4
523,557,104,4
622,12,104,4
185,597,104,3
483,585,104,4
275,603,104,4
0,862,104,4
336,497,105,5
176,37165,105,5
1288,1726,105,4
185,597,105,2
2325,299534,105,4
2901,346364,105,4
622,12,105,4
2445,150540,105,4
318,550,105,3
733,673,105,4
1134,1271,105,2
2119,157336,105,4
1802,49026,105,5
0,862,105,5
483,585,105,4
1801,70160,105,3
523,557,105,5
275,603,105,3
1303,10681,105,5
1231,6479,105,5
1565,10138,105,4
1274,155,105,5
630,22,105,4
1734,1771,105,4
1515,19995,105,4
899,272,105,5
574,672,106,5
1231,6479,106,5
1435,14160,106,5
733,673,106,5
1734,1771,106,5
484,671,106,5
683,122,106,5
963,674,106,5
559,129,106,5
373,98,106,5
185,597,106,5
494,120,106,5
1288,1726,106,5
1565,10138,106,5
1274,155,106,5
630,22,106,5
586,121,106,5
275,603,106,5
523,557,106,5
622,12,106,5
1435,14160,107,5
523,557,107,5
622,12,107,5
574,672,107,5
1759,24428,107,5
483,585,107,5
1176,675,107,5
1303,10681,107,5
373,98,107,5
1565,10138,107,3
1231,6479,107,5
1452,767,107,4
484,671,107,5
1288,1726,107,5
0,862,107,5
1134,1271,107,4
336,497,107,5
185,597,107,4
2942,354912,107,4
1274,155,107,4
2329,284052,107,4
2119,157336,107,5
2321,293660,107,5
2445,150540,107,5
275,603,107,4
2038,122906,107,4
2437,286217,107,5
3659,634649,107,4
2325,299534,107,5
3325,475557,107,5
239,637,107,4
176,37165,107,5
1802,49026,107,5
2324,299536,107,5
3064,383498,107,5
1515,19995,107,3
733,673,107,3
2081,106646,107,3
1231,6479,108,4
1584,27205,108,5
1565,10138,108,4
2265,135397,108,4
1734,1771,108,3
185,597,108,3
483,585,108,3
2318,99861,108,4
3659,634649,108,3
523,557,108,4
2445,150540,108,5
1303,10681,108,5
622,12,108,4
336,497,108,5
630,22,108,3
574,672,108,4
1288,1726,108,4
0,862,108,3
1435,14160,108,5
1759,24428,108,5
484,671,108,3
2324,299536,108,5
275,603,108,4
2325,299534,108,5
866,4935,109,5
2329,284052,109,3
2449,259316,109,3
2810,263115,109,5
586,121,109,5
2327,283995,109,4
630,22,109,4
2500,281957,109,4
494,120,109,5
483,585,109,5
622,12,109,4
523,557,109,4
3064,383498,109,3
683,122,109,5
2325,299534,109,4
2567,297762,109,3
2326,284053,109,1
899,272,109,4
2324,299536,109,4
2745,313369,109,4
2321,293660,109,4
3659,634649,109,2
2901,346364,109,4
1274,155,109,5
2322,284054,109,3
3316,568160,109,4
181,489,109,5
2942,354912,109,3
559,129,109,5
3325,475557,109,4
483,585,110,3
2901,346364,110,3
0,862,110,4
622,12,110,3
3325,475557,110,4
2745,313369,110,5
2119,157336,110,5
494,120,110,2
3659,634649,110,4
1537,11324,110,4
1584,27205,110,4
899,272,110,5
1802,49026,110,2
1288,1726,110,4
185,597,110,5
733,673,110,1
1734,1771,110,3
2201,198663,110,4
1303,10681,110,4
523,557,110,5
1176,675,110,1
1435,14160,110,4
1274,155,110,5
2321,293660,110,4
318,550,111,5
1274,155,111,5
622,12,111,4
336,497,111,5
559,129,111,4
630,22,111,4
899,272,111,5
523,557,111,5
2178,118340,112,4
2316,140607,112,1
683,122,112,5
1515,19995,112,2
373,98,112,4
574,672,112,3
484,671,112,2
1801,70160,112,3
2119,157336,112,5
523,557,112,2
1231,6479,112,3
483,585,112,1
275,603,112,5
586,121,112,5
1134,1271,112,2
630,22,112,5
1802,49026,112,5
1938,49051,112,4
1584,27205,112,5
2172,244786,112,5
494,120,112,5
1288,1726,112,3
1759,24428,112,3
1452,767,112,4
1303,10681,112,4
963,674,112,3
2315,76341,112,4
1176,675,112,4
185,597,112,3
318,550,112,4
176,37165,112,4
899,272,112,5
1274,155,112,5
2810,263115,112,3
733,673,112,1
1802,49026,113,5
373,98,113,5
1303,10681,113,5
1759,24428,113,5
622,12,113,4
1288,1726,113,5
2745,313369,113,5
630,22,113,3
0,862,113,5
1435,14160,113,5
2325,299534,113,5
2178,118340,113,5
239,637,113,5
523,557,113,5
1274,155,113,5
2038,122906,113,5
181,489,113,5
275,603,113,4
1820,77338,113,5
2119,157336,113,5
494,120,113,3
336,497,113,5
3325,475557,114,4
2327,283995,114,4
2324,299536,114,4
2201,198663,114,4
2119,157336,114,4
2172,244786,114,3
2745,313369,114,4
2325,299534,114,4
1584,27205,114,4
1801,70160,114,4
3293,496243,114,4
1565,10138,114,2
1702,10195,114,2
1759,24428,114,3
1515,19995,114,3
1303,10681,114,5
1231,6479,114,4
1734,1771,114,2
1288,1726,114,3
1435,14160,114,4
185,597,114,4
275,603,114,4
523,557,114,4
622,12,114,4
1274,155,114,4
0,862,114,3
866,4935,117,5
275,603,117,2
596,598,117,4
318,550,117,4
181,489,117,5
899,272,117,3
1274,155,117,3
559,129,117,4
683,122,117,5
586,121,117,5
494,120,117,5
373,98,117,4
630,22,117,1
622,12,117,2
1420,16869,117,5
23,807,117,4
3293,496243,117,4
2316,140607,117,1
1947,68718,117,5
2119,157336,117,3
1759,24428,118,3
275,603,118,3
3325,475557,118,5
23,807,118,4
373,98,118,5
2265,135397,118,4
1820,77338,118,5
1274,155,118,3
1134,1271,118,3
185,597,118,5
523,557,118,3
336,497,118,4
181,489,118,5
630,22,118,5
1075,1422,118,4
2081,106646,118,5
0,862,118,4
494,120,118,2
239,637,118,2
622,12,118,4
2500,281957,118,5
2132,100402,118,5
1231,6479,119,3
275,603,119,4
0,862,119,5
185,597,119,3
2219,245891,119,5
1452,767,119,4
574,672,119,4
523,557,119,5
2500,281957,119,4
1802,49026,119,5
1274,155,119,5
899,272,119,5
733,673,119,4
1759,24428,119,5
622,12,119,5
2329,284052,119,4
963,674,119,4
1134,1271,119,5
1732,12445,119,5
2328,271110,119,4
2318,99861,119,5
2321,293660,119,5
2081,106646,119,5
239,637,119,5
1565,10138,120,5
1702,10195,120,4
1303,10681,120,5
1435,14160,120,5
1759,24428,120,5
1820,77338,120,4
176,37165,120,3
2325,299534,120,5
866,4935,120,5
3659,634649,120,5
2318,99861,120,5
2038,122906,120,5
1288,1726,120,5
622,12,120,5
494,120,120,5
586,121,120,5
683,122,120,5
1231,6479,120,5
523,557,120,5
336,497,120,5
483,585,120,5
0,862,120,5
559,129,120,5
185,597,122,5
733,673,122,4
963,674,122,4
1176,675,122,4
1452,767,122,4
1435,14160,122,4
866,4935,122,5
1801,70160,122,5
574,672,122,5
1288,1726,122,3
484,671,122,3
2081,106646,122,1
483,585,122,3
523,557,122,4
2038,122906,122,5
1515,19995,122,5
336,497,122,5
176,37165,122,4
2201,198663,122,4
3316,568160,122,4
0,862,122,2
3325,475557,122,5
1231,6479,122,4
1303,10681,123,5
1938,49051,123,5
2132,100402,123,5
3659,634649,123,5
1947,68718,123,5
2445,150540,123,5
2942,354912,123,5
2500,281957,123,5
1231,6479,123,5
1435,14160,123,5
1734,1771,123,5
1134,1271,123,5
622,12,123,5
1288,1726,123,5
494,120,123,5
373,98,123,5
586,121,123,5
523,557,123,5
483,585,123,5
239,637,123,5
0,862,123,5
683,122,123,5
559,129,124,5
899,272,124,4
1274,155,124,5
683,122,124,5
622,12,124,5
494,120,124,5
373,98,124,5
630,22,124,4
586,121,124,5
1989,68721,125,3
1420,16869,125,3
1759,24428,125,4
1435,14160,125,4
1637,12444,125,4
1702,10195,125,3
1820,77338,125,5
1537,11324,125,4
1303,10681,125,4
2318,99861,125,4
2178,118340,125,5
2320,102899,125,2
1732,12445,125,5
2445,150540,125,5
2265,135397,125,5
2328,271110,125,5
2327,283995,125,5
2329,284052,125,5
2321,293660,125,4
2567,297762,125,2
2326,284053,125,2
2322,284054,125,5
2132,100402,125,3
1515,19995,125,5
2172,244786,125,5
2201,198663,125,5
3659,634649,125,1
622,12,125,4
630,22,125,5
318,550,125,3
523,557,125,3
483,585,125,5
484,671,125,4
963,674,125,5
574,672,125,4
733,673,125,5
1801,70160,125,5
1176,675,125,5
0,862,125,5
1288,1726,125,5
1734,1771,125,4
1231,6479,125,5
1565,10138,125,4
3316,568160,125,3
2745,313369,125,5
2325,299534,125,5
2324,299536,125,5
1452,767,125,5
3325,475557,125,5
