tmdb_id,title,poster_path,movie_id
157336,Interestelar,/cQuuBjG78j4b2r1dFpAjnjbUplv.jpg,2119
27205,El Origen,/xgPGDEKkBrXhPaNmwIlf8e2RCMk.jpg,1584
24428,Avengers: Los Vengadores,/ay29o6P7HWTSMoKVVI3xgRHiRkC.jpg,1759
155,Batman: El caballero de la noche,/vLFCrzI3V4kbze877tP1H7TqppL.jpg,1274
19995,Avatar,/8zHIgB6tP34Ie34ddllzLg3F4YP.jpg,1515
293660,Deadpool,/3TUYy0XvhPQBhrXJwRIaOoYFOBO.jpg,2321
550,El Club de la Pelea,/bI0BhpswEApC0B17RhLZtRVPZiQ.jpg,318
299536,Avengers: Infinity War,/ksBQ4oHQDdJwND8H90ay8CbMihU.jpg,2324
118340,Guardianes de la galaxia,/zqZNnuMtrmK99Xux91KiCdnZxgb.jpg,2178
671,Harry Potter y la piedra filosofal,/3MKK7vAJLtSkBTABMTjxf6TOCo3.jpg,484
1726,Iron man - El hombre de hierro,/tFCTNx7foAsUQpgu2x1KjAJD1wT.jpg,1288
68718,Django sin Cadenas,/jhuwS5KzaB7jrX74YCm1iHTDntq.jpg,1947
603,Matrix,/iTeyYMmNqukMzJJyEz0LkD85dQU.jpg,275
475557,Guasón,/2cta3k9kgsgweUTY2LvMSFjuB6e.jpg,3325
299534,Avengers: Endgame,/br6krBFpaYmCSglLBWRuhui7tPc.jpg,2325
120,El señor de los anillos: La comunidad del anillo,/9xtH1RmAzQ0rrMBNUMXstb2s3er.jpg,494
597,Titanic,/c32fxD3D7a7PuxYxOvSLcssHj8G.jpg,185
122,El señor de los anillos: El retorno del rey,/mWuFbQrXyLk2kMBKF9TUPtDwuPx.jpg,683
106646,El Lobo de Wall Street,/7E14ZPR7SehW7Tpm2cVCkR6k3l7.jpg,2081
11324,La Isla Siniestra,/oemYX0Do8bxqVHtfCJA9c32Q5w5.jpg,1537
99861,Avengers 2: Era de Ultrón,/ggyEm4OkePLo8zEdDm5Pac2fOgz.jpg,2318
49026,Batman: El caballero de la noche asciende,/pi6mwFCtTDIAHOHWan4AQ36Tdh2.jpg,1802
16869,Bastardos sin gloria,/zO4RPoYUv8S0na2K1Sff9wU3Sg2.jpg,1420
76341,Mad Max: Furia en el camino,/ixSuKuBnSfHmyzZbcWCywOKZ6Ho.jpg,2315
271110,Capitán América: Civil War,/jPPy7tCfglppQo6J9nGwU6UmJ8X.jpg,2328
121,El señor de los anillos: Las dos torres,/up6gIHZlfEQZkHIfQwcOOaGOzOt.jpg,586
672,Harry Potter y la cámara secreta,/d7lK3K1QWmcgjHyRMBV3rT2yzTM.jpg,574
284054,Pantera Negra,/lAPzezdc5E6DFnttJwCWXZ9A9C6.jpg,2322
150540,Intensa-Mente,/cFRcOCYWYxnLDvVYhWnMm3010CU.jpg,2445
284052,Doctor Strange: Hechicero supremo,/sOsvKTJS0XwtfLsNMO3C0CVWJ4u.jpg,2329
68721,Iron Man 3,/cW0fOIZONkgeiMJDYzqUcgl4MUn.jpg,1989
70160,Los juegos del hambre,/iBCSJettKNmAfEa4qlqsj3WHyIW.jpg,1801
673,Harry Potter y el prisionero de Azkaban,/xBph7rrwtxUuDxyZVDQtbP2H0sM.jpg,733
807,Se7en: Los Siete Pecados Capitales,/4dSivge4jxozWgbD6GW2NkOYGaD.jpg,23
283995,Guardianes de la Galaxia volumen 2,/kdg6Y06jfq9FV7qknWNcKLYtBJn.jpg,2327
1771,Capitán América: El Primer Vengador,/i5eSA5DK5iAv53SB4yv57bN56o6.jpg,1734
272,Batman inicia,/zBVNawbcB9z3cQw3uOvQ6dTLBS2.jpg,899
10138,Iron Man 2,/ayyJVOV5I4MGjti7nIHC3mVCagR.jpg,1565
10195,Thor,/qFAVW4XJaxhj7PcpiUI5hhO9bOX.jpg,1702
22,Piratas del Caribe: La Maldición del Perla Negra,/8zHnkTGyAImBcI49a1xFJHUjbaK.jpg,630
674,Harry Potter y el cáliz de fuego,/5hrrncgY7GfRHz6JmnhPlvJUONe.jpg,963
284053,Thor: Ragnarok,/pGtkLdk4rnF2A3Yz2BHiTgRwMU4.jpg,2326
12445,Harry Potter y las reliquias de la muerte: Parte 2,/aM1TuUiPtV8OAZyu61CTdy9Ymtk.jpg,1732
634649,Spider-Man: Sin camino a casa,/miZFgV81xG324rpUknQX8dtXuBl.jpg,3659
14160,Up: Una Aventura de Altura,/vSdpOU6rDK7IpmOD7iAvlZdMUCc.jpg,1435
135397,Jurassic World,/auiwAi9mcSd9FAy2BZH4khBTwKZ.jpg,2265
286217,Misión Rescate,/qIdNS0BnR3YamVIHDmgRo22d7qK.jpg,2437
354912,Coco,/oburjHqzOrTtDLYbLunKLwUHhk1.jpg,2942
297762,Mujer Maravilla,/js7cN75bbBnNeQScT0jTRfIkTAa.jpg,2567
102899,Ant-Man: El hombre Hormiga,/tMJ0FBFrYZjo6BNHiYbgqiy8Tf5.jpg,2320
98,Gladiador,/p08mUnCktZ2opGihZTAn7OqzOoi.jpg,373
675,Harry Potter y la orden del Fénix,/xxXiM2Ij7plbzibKWW9BfDk23aI.jpg,1176
245891,John Wick: Otro Día para Matar,/sxPaSOfvXvm3S4SpdLGQYe6Ma5q.jpg,2219
767,Harry Potter y el misterio del príncipe,/tO0UGkNuQoxyXve0mvwtXP49NAO.jpg,1452
557,El hombre araña,/mVOCqKvJZvpA1oXPk35OLBsgcPF.jpg,523
12,Buscando a Nemo,/jPhak722pNGxQIXSEfeWIUqBrO5.jpg,622
140607,Star Wars: El despertar de la fuerza,/vI86GLIkT5pP3ZfNs2EvmTrBLBm.jpg,2316
496243,Parásitos,/4N55tgxDW0RRATyrZHbx0q9HUKv.jpg,3293
263115,Logan: Wolverine,/d0ktjN9eKww26HhM8or8iUB1I68.jpg,2810
12444,Harry Potter y las reliquias de la muerte (1ª parte),/bZYziROYpqXI1DeW4Xz3egMOqej.jpg,1637
346364,It (Eso),/p77sfJRQyqxvTDy6ulGLnw0uAhh.jpg,2901
10681,WALL·E,/m3gKwcubqhN8J7pLcMcCDY1YJLJ.jpg,1303
37165,The Truman Show: Historia de una Vida,/2lilvy7r5TR0uLI8eCtVqkUiTls.jpg,176
100402,Capitán América y el Soldado del Invierno,/9rOKIhncjNaaTA71Q0zHpVkajoU.jpg,2132
210577,Perdida,/bkIhygnbv9ydlDo4SEsOcqGgQD4.jpg,2173
862,Toy Story,/y59d8PjuFSgJJN4VRS7jDoRgSM9.jpg,0
585,"Monsters, Inc.",/w4EJRJNyKcMQns8dUbBeKayi9DT.jpg,483
259316,Animales Fantásticos: Y Dónde Encontrarlos,/wduJFXlHQTIw1TBf6kTO3bHf2VN.jpg,2449
49051,El Hobbit: Un viaje inesperado,/3dJELUqdpGEkXVrMj7V3BiOjrtf.jpg,1938
281957,Revenant: El renacido,/xDWCJg0Ax29j5D5CM5c5suLKPLJ.jpg,2500
329865,La Llegada,/tbVITeytclB4JKx2LxxasrCCmZx.jpg,2733
383498,Deadpool 2,/84NUrv5kuMUDDlOPqi97KGJMdLm.jpg,3064
497,Milagros Inesperados,/7ezlnHDn6clFku58TmFmpKUQUqf.jpg,336
24,Kill Bill: Vol. 1,/j5HFN6ZbGqZepIQ7sZRX9dMu8uk.jpg,656
9806,Los increíbles,/al1jusd4T7JPatZlj4BuYkDDOzr.jpg,776
419430,¡Huye!,/s0BriSYHEOIypAM0ZhUIQUOr3HE.jpg,2809
808,Shrek,/5G1RjHMSt7nYONqCqSwFlP87Ckk.jpg,440
1930,El Sorprendente Hombre-Araña,/4cw1Vpp68ec518BHiS6gfa3yDoU.jpg,1870
2062,Ratatouille,/nGUelOVetiRpY2wTBMHTbrTIGYC.jpg,1116
101299,Los juegos del hambre: En llamas,/3FAZBvsZQFuqJHnWZcrUUtKLEJ3.jpg,2076
77338,Amigos Intocables,/fvX8t8VhUxz1YkYKCJTxSkDiZDY.jpg,1820
381288,Fragmentado,/aL9lq4xwMwlWkUQhnOdTTGw8yHH.jpg,2776
76338,Thor: un mundo oscuro,/2dgGWcD31PaoRVIvbU5JYC4NOEY.jpg,2064
129,El viaje de Chihiro,/laXrmaTRuroArSPfsGlvTbeWxVA.jpg,559
198663,Maze Runner: Correr o morir,/6uMWXENVeq83K5THrMflbmoEbn9.jpg,2201
313369,La La Land: Una historia de amor,/2aBAqu6f0fBpr47gDI6Fje56sCn.jpg,2745
18785,¿Qué Pasó Ayer?,/kZaaJQEi7n3mrBct1H3l2g45Ijb.jpg,1438
205596,El código enigma,/ctgJSUcKEiWgOT9anDIetClLOKN.jpg,2244
6479,Soy Leyenda,/gTixr9G9qFllyCpcON4gOV2aC2.jpg,1231
244786,Whiplash: Música y Obsesión,/uy36CPy5ARuC8qrH8Esg2ndFyJ5.jpg,2172
1422,Los Infiltrados,/x8bBjXbVS7V7r5g2PPCUpkHuL7M.jpg,1075
44214,El cisne negro,/eJuoXzQPnBeiezrRsQCMjetS1fM.jpg,1629
152601,Ella,/n1sY9uAsQKOus91A4FtvN3JdHYH.jpg,2087
1271,300,/h7Lcio0c9ohxPhSZg42eTlKIVVY.jpg,1134
637,La Vida es Bella,/aZ7MFlKPfB02Lr9NwZQ4vsYRgcy.jpg,239
489,Mente indomable,/bTmmTMyCi7Cd85sS4rz9tlM0iU3.jpg,181
4935,El increíble castillo vagabundo,/nmmSsjno5eD3ixVZZe641tEFbzu.jpg,866
122906,Cuestión de tiempo,/6b8zipp2Z4Io5RVuaATBNKtlbE6.jpg,2038
598,Ciudad de Dios,/wmvT5l8kXXy36SA4CPbSEJ0302S.jpg,596
568160,El tiempo contigo,/18lF2eTWAO0tloyBW39fob5ALAW.jpg,3316
