movielens_id,tmdb_id
58559,155
5618,129
7153,122
3147,497
109487,157336
202439,496243
4993,120
163134,372058
79132,27205
5952,121
2959,550
2324,637
47,807
195159,324857
112552,244786
6016,598
31658,4935
36086,19404
5995,423
2329,73
92259,77338
286897,569094
3000,128
2571,603
122912,299536
122914,299534
3578,98
68157,16869
74458,11324
99114,68718
166291,378064
177765,354912
194448,490132
48780,1124
2028,857
27773,670
163645,324786
4226,77
1682,37165
48516,1422
204698,475557
281096,315162
1704,489
88810,50014
50,629
60069,10681
274053,361743
198147,527641
214612,637920
88125,12445
7361,38
104879,146233
168492,398818
208939,508965
225173,508442
243642,791373
218801,696374
2810,10494
106782,106646
180095,406997
231413,635302
109374,120467
177593,359940
56782,7345
89745,24428
8368,673
158783,290098
2542,100
287699,872585
166643,381284
192803,424694
40629,4348
116797,205596
2858,14
3949,641
1,862
6874,24
5989,640
64614,13223
208703,530915
68954,14160
30707,70
249540,337404
165551,334543
203375,359724
96829,103663
205156,515001
140174,264644
167832,411088
263007,634649
97,406
55820,6977
118896,265177
2762,745
73290,28178
112852,118340
778,627
134853,150540
1721,597
2691,10376
4896,671
110,197
105844,76203
31364,11423
16,524
164909,313369
152017,296096
219994,600354
4973,194
112556,210577
170697,400928
44191,752
101962,110420
184997,449176
86781,46738
4144,843
6,949
44555,582
7438,393
8533,11036
285593,447365
1907,10674
104374,122906
2761,10386
4886,585
106100,152532
47099,1402
66097,14836
202749,531428
76093,10191
223041,724089
50872,2062
230415,447362
27156,18491
215,76
106920,152601
6539,22
207313,546554
241272,615457
168252,263115
180985,316029
4995,453
6377,12
1732,115
40815,674
158966,334533
91529,49026
117176,266856
78499,10193
277400,762975
80586,43949
210175,606856
55721,7347
280868,555604
198611,504253
4011,107
209315,331482
96821,84892
27423,40096
254726,438631
194074,470044
142488,314365
157318,381341
55247,5915
4306,808
152081,269149
741,9323
608,275
31410,613
128360,273248
4878,141
183897,399174
64034,14574
247988,508943
73881,20453
48394,1417
237227,527774
72226,10315
33794,272
4848,1018
115667,200727
71033,25376
188829,517814
116897,265195
89774,59440
114554,149871
8961,9806
204836,522924
39183,142
215335,618344
160718,399106
179133,339877
59315,1726
204158,568160
233095,458220
5816,672
79357,31011
81834,12444
215173,678512
63082,12405
134130,286217
1617,2118
7147,587
162082,396535
115617,177572
81845,45269
196937,503314
69844,767
115569,242582
6870,322
196417,166428
54001,675
81591,44214
65261,12429
104913,96721
265550,438695
272079,810693
205441,492188
272993,761053
270698,545611
224052,441130
276231,610150
110102,100402
224264,501929
283873,603692
288135,1010581
120130,92321
267456,785084
193439,538362
263481,522402
112175,82702
26903,37797
174879,38286
122882,76341
122904,293660
276929,766507
4022,8358
49910,1646
8638,80
268642,414906
46578,773
140715,277216
185385,419478
236991,776503
72641,22881
111759,137113
168250,419430
72998,19995
200842,522518
119145,207703
122918,283995
65514,14756
5066,10229
104283,149870
98491,140420
215623,664767
164179,329865
94959,83666
3114,863
278578,49046
156387,369557
208469,522212
81847,38757
117438,242828
52885,4977
122916,284053
210861,522627
82667,49797
5389,9023
64957,4922
3160,334
176371,335984
140956,333339
282161,937278
280218,76600
213353,592350
104728,164558
55442,2011
88129,64690
111921,222935
213207,508439
106489,57158
117444,110416
32,63
115713,264660
205303,379170
286131,502356
89759,60243
48774,9693
4720,1933
286783,792307
37729,3933
168798,255709
191351,466282
166461,277834
2572,4951
49272,36557
139385,281957
1527,18
7143,616
64716,11321
224268,630566
94675,61979
260667,568124
85774,58496
261273,482321
74787,26022
289097,980489
30749,205
169948,382591
115210,228150
7254,1954
111362,127585
284293,882569
199476,491480
188773,505192
7371,553
48304,1579
103688,138843
55052,4347
206857,398978
1688,9444
51255,4638
85342,47931
242894,399566
1625,2649
628,1592
55765,4982
49530,1372
220854,583083
51540,1949
289727,930094
281188,916224
8874,747
27815,5528
1653,782
244334,637649
166528,330459
231701,414419
4016,11688
5444,11544
57504,14069
68237,17431
226270,556984
187593,383498
33493,1895
146309,315465
2357,666
273133,705861
8607,13398
193065,426426
212361,502033
105504,109424
4963,161
3910,16
83132,51739
286903,976573
165549,334541
246604,283566
225984,580175
183397,397567
167380,381289
192385,332562
167732,404378
141749,306819
193950,515042
41571,1904
218657,667520
255335,566525
86882,59436
179779,437068
57183,7508
63062,3580
2696,9421
115149,245891
3967,71
7981,10775
1061,819
122920,271110
162578,313297
132424,228205
283577,666277
4776,2034
8950,4553
174055,374720
5882,9016
209433,638507
105,688
265460,756999
190555,489999
189713,487558
5418,2501
1673,4995
79702,22538
1566,11970
3916,10637
187541,260513
200328,342470
171763,339403
201588,301528
112804,244267
3186,3558
1466,9366
4235,55
70286,17654
205945,537061
112183,194662
251086,436969
106487,101299
4308,824
2712,345
122922,284052
277028,698948
55908,13363
32587,187
226202,550988
143245,309809
57669,8321
200818,458156
202429,466272
277282,585511
115122,246741
98056,86837
183837,375262
183699,488623
205329,581528
189333,353081
280412,1022256
288311,961323
132480,293863
7318,615
112290,85350
64839,12163
1645,1813
288265,575264
189203,500664
68358,13475
261131,614917
2966,404
114662,190859
31225,7214
178061,389015
97938,87827
201773,429617
54286,2503
201340,503919
152970,371645
164411,393559
3535,1359
8957,176
210849,481848
156944,335578
110501,180299
185029,447332
139644,273481
244492,550205
59369,8681
1407,4232
250546,691179
213347,520763
89118,63311
108932,137106
5064,11362
61240,13310
106441,203833
150,568
7445,9509
45720,350
180137,430424
98809,49051
45722,58
149334,340666
214320,313106
204694,431693
122906,284054
278820,724495
278980,804095
133645,258480
44665,186
73808,13855
67255,15472
176211,455661
4979,9428
273891,718930
5218,425
114935,206487
288773,915935
80463,37799
146656,312221
192383,451915
261705,537116
275503,965150
167392,360814
76091,30018
30803,1280
252590,588228
115664,228326
1584,686
282041,995133
272417,579974
2687,37135
166534,381288
3083,99
97913,82690
103984,179144
5014,10950
142184,81481
102407,64682
62644,7735
6711,153
33660,921
127202,308369
212583,506574
44199,388
281288,851644
104944,169813
148626,318846
275243,614934
104272,158999
193942,491418
69122,18785
102903,75656
192649,505262
109633,198375
5349,557
40819,69
90376,71859
168248,324552
5010,855
88744,61791
271799,675353
159195,374473
118696,122917
3897,786
116855,237791
175569,395834
60684,13183
206419,551332
31878,9470
5445,180
117533,293310
112623,119450
1464,638
98243,81188
129721,50531
2997,492
208108,552178
90474,71157
139120,336804
118702,227306
8529,594
71838,22803
135143,259316
64622,8055
162414,376867
278446,674324
99145,80278
117881,284293
96488,84334
284291,726759
59784,9502
1729,184
8014,113
107069,193756
8636,558
187145,476292
236883,730154
100714,132344
86892,51608
3408,462
251234,423108
88179,51828
89904,74643
7323,338
4223,853
2501,13466
223876,682110
281202,715931
192749,518068
7090,79
276047,682507
141890,283587
2427,8741
139642,307081
87232,49538
272407,629542
8360,809
224280,370172
178827,346648
174859,451945
8665,2502
259659,617653
224983,529203
1784,2898
81932,45317
114028,234200
2340,297
266002,466420
214068,572154
253826,652837
122892,99861
179817,399404
199470,484468
188675,483184
48997,1427
69757,19913
85414,45612
149723,317442
136204,310569
93838,94329
102445,54138
3980,11978
66371,16804
115147,239571
244128,554596
164739,178682
1487,16052
6713,33320
177651,394117
5956,3131
36529,1830
3996,146
210577,454626
53125,285
159858,259693
213397,582014
95311,13042
207213,575452
169842,345938
96079,37724
183869,493922
112171,156022
206714,431580
2360,309
122886,140607
41285,116
79553,37472
33171,11171
79091,20352
4239,4133
120478,265297
73344,21575
288807,1050035
97304,68734
98604,83389
42632,4550
213914,516486
113604,249164
71535,19908
106696,109445
269638,508947
27368,2899
50068,1251
114494,284427
175303,346364
239424,614409
214776,545609
261275,425909
72356,24480
88163,50646
84187,22843
171765,387426
59387,14784
1757,11220
288023,626332
34405,16320
83134,46838
205661,420809
160666,359156
27869,11658
281190,615777
99149,82695
82459,44264
254460,451048
227526,400160
5464,4147
208289,292011
283139,840326
264135,722778
805,1645
4027,134
91500,70160
115170,205587
285301,493529
2502,1542
181671,435129
50601,1265
205066,615453
55872,5123
180031,399055
96606,89708
199974,416144
3992,10867
44694,219
165,1572
96588,114150
5878,64
89492,60308
54503,8363
96811,77016
55118,2252
47610,1491
177615,391713
197175,399579
138702,293299
208887,579245
218311,486589
200332,504608
120138,297222
8958,1677
143355,297762
287743,508883
288167,697843
2395,11545
161582,338766
1580,607
73017,10528
275515,901563
2671,509
62511,4960
268592,818647
206959,330457
218537,587792
183703,417261
3006,9008
56174,6479
155078,364433
176349,455714
185481,476299
4881,10778
6502,170
86644,51497
107141,140823
92954,21634
134170,251516
6889,10009
226710,550776
2394,9837
272525,453395
48738,1523
5669,1430
130634,168259
6187,11615
181315,400617
7451,10625
128620,320007
111781,177677
8970,866
174901,398924
151113,348678
55290,4771
219573,677638
200200,529216
173145,281338
6283,11299
143385,296098
69481,12162
95654,13929
122880,109689
114180,198663
3483,10501
27592,4689
51662,1271
169218,428493
1748,2666
276317,438148
54259,2270
149658,347201
138210,300671
72605,7445
249180,533514
7767,11659
6953,470
193449,437586
61236,8885
8798,1538
80906,44639
105197,129670
164917,407806
7022,3176
205287,446159
2,8844
242774,497698
267654,899082
140110,257211
132167,52629
91126,57212
84152,51876
202427,514439
66744,8832
179331,395991
221576,497582
104712,211954
137337,331781
133139,13002
224262,590223
104337,132363
2431,10312
213990,585244
147,10474
108983,83564
290213,926393
118700,273895
5902,2757
39,9603
104841,49047
164175,258230
223944,656690
226578,740996
127108,167073
106918,116745
167746,324849
5791,1360
258451,576845
265432,645886
55814,2013
253690,660120
52604,6145
225758,664280
160980,363676
103017,111083
189873,514754
90866,44826
192265,530254
253128,459151
252272,607259
62203,9539
166568,376290
217465,577922
72737,10198
3156,2277
218733,707886
30812,2567
71462,23128
209859,611291
165937,345920
27397,2440
80489,23168
230723,713776
83803,40619
208429,627725
1900,21334
7458,652
69712,10024
168326,416477
133123,15165
138416,250219
291521,937746
189783,420814
3081,2668
46322,7549
57274,8329
4334,25538
287383,1000492
279812,593643
164602,375794
214955,575813
5954,1429
31437,2517
97921,82693
111235,191720
43744,1544
159061,293670
103606,111969
252812,726684
17,4584
92509,72570
210939,532067
197879,549559
1884,1878
5225,1391
211598,620683
250010,823754
196087,553512
33750,20941
2700,9473
91542,58574
170787,417678
210937,620249
54997,5176
194016,404368
70533,15137
245136,795514
187613,454983
56757,13885
212066,609242
65188,15584
2059,9820
269780,698508
188207,440298
5319,18079
41566,411
202237,519010
121143,200085
94752,22683
3994,9741
187717,490003
52579,1407
171007,382614
3969,10647
2692,104
208773,586940
46976,1262
52952,11798
201646,530385
3178,10400
2125,9454
76251,23483
262,19101
188623,491584
257037,758866
33166,1640
6323,2832
129719,38396
69406,18240
193041,513434
169022,372754
286899,667538
5810,65
281342,820067
77414,35690
278824,714888
65230,14306
43396,9912
95858,13930
199618,568300
3176,1213
174875,29458
197883,565310
64114,14438
111622,198277
189805,433498
158238,290250
37731,8923
173925,406990
221660,612706
116660,167581
159717,318121
203322,463257
837,10830
91630,56292
84392,50348
209965,473033
162606,302946
214398,613504
3753,2024
167036,335797
72733,22954
56587,7350
13,21032
210865,38700
160848,337703
113741,220289
169166,401104
56339,6537
3275,8374
2843,1075
285851,964980
165527,410718
171013,378108
175795,417320
31696,561
64993,38142
53123,5723
277160,966220
89864,40807
91266,15157
6975,10234
203222,420818
111659,102651
96966,110160
93721,80767
200008,537915
102800,121986
2908,226
174727,429200
180987,364689
665,11902
27803,1913
215353,615643
290055,496450
166946,310307
136247,13151
242116,632632
200110,327331
84952,54186
222137,499932
122900,102899
71108,37903
210859,546121
733,9802
46723,1164
1354,145
207405,501170
6947,8619
246336,663558
745,532
183635,336843
103549,112198
155583,339984
200540,420817
8873,1653
81520,38234
94325,77877
87234,49020
252932,776305
186311,451480
72395,25793
161922,376660
78836,34647
189885,486947
1356,199
56941,6023
783,10545
6365,604
222011,524047
6942,508
37733,59
176423,432976
81562,44115
281208,899112
210973,449924
208293,507569
86320,62215
197123,568332
225145,581734
51935,7485
276489,560057
221632,523781
224030,640344
180045,396371
6214,979
148775,26736
279412,829280
179983,423612
55269,4538
193944,537996
2594,1902
4874,167
183309,465136
215229,446893
100527,112949
106766,86829
197651,504949
7265,1278
714,922
90249,39254
90430,72113
281918,803700
212461,570670
157186,375572
263407,646380
3510,10559
5146,15999
212012,653567
258859,637534
1809,5910
77455,39452
207311,549053
49286,1581
1676,563
30793,118
183695,399366
106438,205220
270556,626735
63876,10139
210227,568012
109947,203217
235301,644583
139857,318781
68073,18947
211958,587272
138036,203801
34542,501
170645,289222
194664,543580
5608,575
157699,302401
103141,62211
278794,949423
1619,978
282843,768362
117887,116149
280202,1008042
103624,157354
6863,1584
157296,127380
233993,583406
130628,244063
2321,2657
83086,42297
219726,547016
52042,9075
2297,12159
116491,180147
127152,318224
177285,413594
214216,610892
87222,49444
38061,5236
277566,985939
100556,123678
56367,7326
3174,1850
107771,152603
291825,1151534
3556,1443
45517,920
8983,9550
217971,704264
36,687
44195,9388
168608,414425
3328,4816
95167,62177
5992,590
274993,396194
51312,24653
245382,801335
30816,9833
253536,663260
139575,256040
275167,705996
88140,1771
55444,5708
99530,127533
132630,297270
4370,644
113275,228194
1859,30020
163909,393729
257595,666243
7486,18329
111443,212778
141668,323272
230183,575604
167610,369299
79798,26280
266368,770254
85179,28874
175659,407448
2273,2109
72720,34653
9010,8424
648,954
1358,12498
193725,426618
127146,319075
3793,36657
180297,371638
137062,118406
41997,612
129659,228203
105355,152584
197591,508763
168996,406385
221850,614696
193147,398173
143367,68730
279306,597922
1573,754
49422,15152
75341,23169
253498,591274
133133,73456
289741,951491
54272,35
4873,9081
279978,744114
55280,6615
68347,21191
72731,7980
194929,539517
152071,323677
55856,19026
7164,10601
278702,661374
205383,559969
283097,877703
195823,527435
25,451
217917,582927
140160,277217
4369,9799
132012,65218
6618,11770
5991,1574
167620,342473
247466,689249
38038,533
133771,254320
55069,2009
27721,2841
81564,38055
192379,369972
151455,319888
6333,36658
407,2654
96728,68722
161634,300669
5570,9299
131796,304357
64575,14359
82167,43347
214028,20982
38095,11344
277034,848685
235471,544401
8973,140
276151,869626
5903,7299
157274,330483
217407,656563
207,9560
216167,664413
45003,17111
193958,480530
189363,402900
188751,458423
2353,9798
152077,333371
279414,505642
4366,10865
6773,9662
141688,276907
279806,492999
7360,924
56607,7979
5108,8470
101895,109410
271577,650031
27186,21348
86142,58857
145064,356296
161,8963
168366,321612
249964,385128
5630,9533
244178,639933
69529,62320
140267,310131
166788,342737
4902,1433
160954,328387
170959,359784
81788,43539
192283,455207
143345,287947
27660,55931
159976,245913
5673,8051
258203,675445
90405,49530
55363,4512
282147,536554
1921,473
207638,595975
96432,82633
5152,10590
5269,1791
143511,359364
70,755
8974,11836
287377,385687
30810,421
51834,2977
1041,11159
2355,9487
33162,1495
139148,348892
2318,10683
210519,576712
147142,19100
208737,522162
8644,2048
4645,36095
3481,243
141422,245168
64620,11499
168870,49992
102856,166666
160990,338189
159849,400608
54372,10795
134575,239877
166635,274870
195167,339380
2617,564
6291,12093
284489,677179
289193,923939
186381,456929
92243,76758
97225,76492
204704,567609
5388,320
4700,9880
27731,15370
102125,68721
85312,20722
2058,9631
206246,619264
63072,20766
240452,460465
116411,238628
102194,103731
283149,783675
70159,21208
180497,446354
201270,458302
60397,11631
289253,614930
69,10634
145839,321741
242124,753230
214674,594634
1183,409
27362,10757
222561,621013
177689,399057
103335,93456
171611,350312
167544,388399
112334,250658
176101,343668
40414,11661
163056,315011
267262,831827
85438,38684
254034,330081
197071,498249
90600,70670
133143,13004
279184,642885
263865,585245
98961,97630
102993,147773
280100,774752
3175,926
270696,696806
168420,408220
213503,552532
32460,158
176419,381283
60766,14048
4034,1900
49772,14202
222949,659959
276251,539681
145418,294016
7148,21542
101525,97367
156605,370755
181499,439584
197711,458723
131444,221732
52328,1272
195497,429197
115231,239563
27800,11049
229033,632322
168610,428449
266282,603661
47491,1023
289069,1083862
208800,512895
243604,785534
176753,429210
116138,265180
268744,585083
100062,94047
160201,380225
69654,176241
288513,346698
184399,489925
241872,654754
33615,953
4866,2100
103228,68726
208241,573699
288209,812225
2579,11660
8949,9675
131446,221731
290573,670292
27728,12140
77561,10138
85788,49018
136538,16237
157122,353326
97172,62214
185475,451657
224276,560050
167064,411019
2025,9769
194696,534780
179287,407445
280932,554590
263555,768744
242204,663870
96911,88273
45668,2044
189667,472454
40732,9392
81819,45958
77307,38810
59549,17483
252308,602063
203749,596054
27317,11075
29,902
65130,4148
7459,8440
116217,75258
188301,363088
101142,49519
197875,457799
4310,676
2336,4518
190183,445651
211726,502425
170973,348893
96281,77174
143347,297802
166526,365942
168122,393519
95873,103332
266318,795607
140341,286192
210235,471707
253972,591275
168224,227932
108190,157350
135133,131634
107406,110415
65596,13635
56145,5876
8784,401
96610,59967
55805,7972
27801,9316
116307,290542
223204,542178
138208,285783
180265,469019
1393,9390
103980,160588
130474,271674
42730,9918
277066,497828
244368,801058
152579,354857
139855,291270
193599,507076
190017,487670
780,602
210569,495764
97024,97365
161131,308266
200306,505600
209311,533444
27523,11178
107883,191714
199350,574074
6617,2055
156000,379291
149406,140300
262863,843241
78316,37056
191873,479718
240460,744275
255657,482373
234356,774372
4014,392
118985,87093
54881,13958
51931,2355
200838,447404
1701,2639
291479,744857
64983,2253
118900,228970
69604,19265
93510,64688
47894,1116
185485,484133
90746,17578
64197,10360
255639,672322
193583,445030
45210,9829
168286,397837
6902,20312
48412,4643
252360,736073
202359,593691
74553,26963
152065,336808
48,10530
188697,481432
78039,46705
208096,506528
191687,474395
51709,1255
96501,48034
90057,64720
201026,498248
41569,254
140106,315846
97752,83542
71057,12244
189041,400535
185443,508933
187959,508642
163128,51822
205072,338967
197529,440472
84944,44896
275083,810171
175661,390043
113240,265169
207233,512200
208040,522369
866,9303
219715,652722
196067,489471
263405,597208
280890,668461
85354,15362
279692,900667
176933,379149
54190,4688
2432,9441
69027,15588
6242,2671
27727,363
179119,402897
62849,13809
206399,576017
4641,1548
278176,817758
106785,204082
270578,818750
93270,57214
215527,597219
200824,412117
203517,454640
263033,571468
279402,1027014
137857,278927
205545,393624
284879,934433
37830,647
224208,728118
71438,25050
203,9090
159415,347031
192479,479626
160289,377462
290675,1002185
152591,365222
2391,10223
168266,180863
129354,256591
230391,526702
170875,337339
170709,408647
176751,337170
214572,630220
6867,2056
339,2064
165087,324560
7293,1824
72294,17979
172667,433247
281572,740937
8012,4291
166042,355338
106011,200481
53894,2359
207632,399121
1357,7863
68269,18320
8622,1777
106452,209274
27266,844
6536,14411
131739,321528
281556,890980
164949,375315
259835,831405
101415,84199
226276,730647
169400,396263
8370,246
275467,725201
154915,302528
8531,12153
198151,335787
162598,296524
43917,9036
151951,337960
91325,64685
195639,556803
193956,360920
239,15789
70728,18533
186983,489988
199910,411728
144698,290762
2278,8195
205076,535544
97188,82507
10,710
6890,1807
6887,13920
97866,84287
172009,429174
226246,668742
281056,821881
185013,468198
90531,76025
118202,282297
106916,168672
192389,335983
265328,876716
227496,615665
52287,1267
169812,434616
49278,7551
103249,72190
163,8068
138952,347688
230,11929
260617,718032
135426,338952
162600,283366
36525,9007
261845,712454
286357,713704
288289,1040148
127198,308639
104211,138832
265156,615666
259665,777270
97923,87502
140713,192141
271917,799876
7982,4552
167794,377263
204542,474350
6708,7270
49651,1246
101498,121875
229797,520172
116823,131631
161954,351339
159093,291805
51660,14624
71500,23202
106022,213121
210851,556678
6370,1555
58652,13688
72011,22947
179401,353486
170957,260514
2231,10220
170947,424488
188067,437033
53996,1858
195921,504172
48711,18925
194951,405774
247780,567189
177497,384680
167780,43641
42732,17379
108729,181886
96737,49049
6754,277
73323,33613
70599,24420
74228,26466
142492,336050
79588,37950
2672,1090
52281,285923
58303,7862
111617,232672
80693,43923
286097,758323
190551,489930
275193,916405
162592,283552
58047,8390
59418,13008
107565,233063
98607,71883
183611,445571
1917,95
72131,13576
200864,537056
206957,484751
203519,384018
3052,1832
133185,304410
188575,483980
48043,1381
106473,176983
112138,187017
212016,589739
80839,39486
80860,38408
62293,12783
241346,282848
198149,402431
102716,82992
175585,339692
3300,2787
168026,211387
141432,319373
62553,12837
92420,76726
274197,718789
3148,1715
36535,340
93164,77495
155288,333352
219,6715
145150,298382
133145,34134
258691,841755
6155,9919
76111,37181
187723,384677
216817,385103
47382,9762
134368,238713
83369,49009
145,9737
77846,12219
56152,4523
4823,9778
198143,375785
6281,1817
208038,556901
1641,9427
4019,711
289689,912908
130073,150689
90809,65229
133419,254470
55253,4588
227580,651881
27366,23160
193900,474354
179941,432068
74510,24253
132883,284689
118760,250538
188307,400155
84855,33997
133147,13283
3751,7443
280968,938008
261809,791177
232017,636565
126036,44874
141,11000
176801,361292
282387,962232
63,10607
34072,1667
200568,517093
122910,299537
278312,436270
33437,10027
110882,210479
145140,254172
192473,261470
96693,87825
269272,920394
174515,366170
36517,1985
4299,9476
256567,680813
198609,565179
269146,787752
69644,8355
71282,18570
71304,22536
198,281
178323,472424
64285,14447
282985,842675
120466,198184
1916,9464
105869,157370
174883,38397
197957,544510
133151,23566
179137,420622
199219,524251
270772,836225
142448,253412
27831,4836
282671,646389
80549,37735
86548,55787
74624,26428
279956,779782
74688,22971
165603,397243
98154,72976
86332,10195
148881,303867
4901,1535
225169,743601
90947,75233
1672,11975
291823,1081676
89900,74879
259541,843906
185571,470878
183619,449443
175477,75624
242222,736069
673,2300
241960,583689
256075,449406
27834,11190
209173,501907
173823,340027
60753,13012
193589,472451
110586,157832
192245,446021
37741,398
86298,46195
91290,53457
170605,429450
87306,37686
27706,11774
278850,828613
109578,225574
141702,352173
145935,227973
279630,894205
103341,107985
7162,2289
166705,393457
101973,127517
108780,130150
164869,407655
146654,364137
275245,762504
193952,399402
60992,15859
2167,36647
197225,505954
258857,785663
1693,11831
6213,9567
254744,736074
81456,51241
286411,948713
266320,761898
193821,519035
6753,13156
98122,80215
192157,507505
4975,1903
2557,1567
166203,279229
270910,780382
212052,382748
184721,458737
235435,722913
131656,263109
253130,602223
48696,1440
65642,14139
224338,641662
40870,11421
4967,8342
130034,265712
64695,13980
73321,20504
74327,12169
97306,86838
133169,15906
242400,779047
98373,85446
166295,364111
215489,599521
3988,8871
53519,1991
260665,524434
177239,395993
144976,294963
179819,181808
254682,638449
8981,2288
27741,12496
135569,188927
194052,491472
39292,3291
87197,51533
180587,340613
7256,11194
134214,310593
73860,33511
220530,550231
110110,209276
278586,913290
2232,431
237964,581389
129749,197950
8157,823
130510,144288
148036,355020
2707,1073
228749,571265
164981,369885
236135,581577
103849,165213
4447,8835
53129,3432
53956,2196
48385,496
133167,15015
6378,9654
114945,204436
178401,407449
7382,25300
93240,79707
266900,660000
263005,511809
179221,398175
73319,25195
203691,566221
188749,345887
5266,4547
7158,11093
163512,377273
27032,8697
202443,548544
163496,390497
7154,11820
233661,522241
288867,1058616
197197,524348
2396,1934
154474,274109
275079,420821
90528,53487
199333,483983
182783,468284
56885,14047
49961,1259
196035,475888
86815,43959
258881,632617
3054,10228
286777,1016084
285925,868759
45183,8982
135135,272878
91077,65057
255337,580489
264259,897429
6934,605
175277,451995
42958,16553
193916,475215
88235,67913
45186,956
95510,1930
96430,71864
222713,508570
202433,403300
1059,454
260201,807196
284739,459003
88593,57361
228563,581032
164931,334517
205509,472674
49932,1730
66785,15067
133127,15016
799,10779
203483,489418
60950,5038
89554,61202
36276,445
1120,1630
122129,45752
204878,528888
162474,381356
101260,35558
4383,60670
48161,9766
94070,74534
68194,21641
3159,49948
7444,10096
39234,9701
173939,436343
61026,12289
169656,336000
142997,159824
57640,11253
165503,374461
4148,9740
187611,429300
91653,74465
89896,81401
93265,72213
150894,16907
58295,8848
84954,38050
3005,9481
284447,921785
5888,20992
1909,846
263495,734265
184473,476968
6879,11329
47629,1165
80969,42188
199966,567410
44193,9655
96832,103328
53550,9952
190089,529531
195315,484482
182479,430447
287207,998022
213319,618355
268806,926899
2541,796
34437,308
164395,276624
90620,32909
143440,323661
212365,606954
117895,294254
53318,12225
142222,303991
109189,226857
72386,8088
136562,321697
175831,433471
204388,566213
103315,179826
195041,515916
90439,50839
115629,236735
6776,19666
6373,310
214032,36728
127294,69335
71579,24684
239490,672647
290767,353577
132961,250734
170425,431937
27871,20544
1552,1701
45447,591
162982,225745
44974,2652
152175,37793
280866,837881
149116,268854
200638,468224
45503,13689
6565,4464
114060,154400
235433,719410
208905,564427
227124,741011
143237,306745
208539,613868
261759,512195
5294,12149
216402,579583
117529,135397
166802,406785
48783,3683
66130,15003
137863,303857
256325,727745
120625,285700
197697,567604
126548,272693
103048,156700
260895,639721
204686,513310
139553,86000
163052,115929
215683,560044
27020,14533
77800,37495
80615,41216
84772,39513
7235,9696
43921,7304
117466,205775
177243,392982
136016,105864
171455,435366
4701,5175
278260,626872
5614,23550
78142,25846
74545,11439
114635,267480
196997,569547
120474,256835
134374,13179
4246,634
190741,470229
8534,1997
38886,10707
151345,366924
53322,298
281002,653851
251268,637693
31,9909
86345,45523
8965,5255
274285,860159
183549,203101
208807,536743
157176,332283
6297,8326
27729,4254
286327,796185
212869,565426
186331,416494
151515,329805
27163,11854
191459,440161
276249,556694
102753,152780
68554,13448
209917,525661
185987,453278
150194,374416
162634,382399
272367,809140
221886,664300
66090,13510
195163,424783
177763,392044
47644,11652
223828,710356
44022,950
65216,13813
260495,597316
209667,570503
45728,2295
110675,226448
27788,9667
1411,10549
162416,271706
51486,14375
68522,10946
250968,467909
156726,376570
1835,795
57368,7191
205425,624932
271983,2405
291340,986280
98956,127501
33672,9787
136337,15601
5574,4108
197201,445629
105653,107846
61132,7446
33679,787
37739,15487
105593,85889
277042,929170
127096,227719
266636,874300
112421,171372
269820,923632
116155,216156
197103,499028
4023,5994
81229,39514
119065,17681
261955,680058
34534,8292
200598,458131
136449,14092
279534,823951
273005,771077
67923,13804
6591,8094
97196,13830
280990,800815
244908,522478
262721,796499
276897,619730
257969,653349
163949,391698
4642,13403
176523,418680
72692,15400
158972,374475
1485,1624
91199,79120
130075,326359
7324,2023
201706,530079
113103,243683
283427,864101
81831,36940
85367,50546
80222,41233
200820,373571
116905,212167
193898,446696
53373,12561
92944,77459
184909,460555
130444,175774
134881,271714
213343,651070
195305,394741
174909,399170
3565,10564
91537,1254
3993,10876
5679,565
7346,10591
141648,301351
80831,41402
106841,152737
88108,59860
68159,16995
210573,476669
207373,116322
214030,17581
275919,754609
242906,648579
4387,2140
6286,7294
2483,10722
116801,287495
101864,75612
64969,10201
251900,633515
70015,22302
34319,1635
275917,843847
58706,32579
274157,820446
5502,2675
242150,315620
205992,616584
180099,453191
116397,207933
3786,20770
193477,454227
3948,1597
42718,10045
124867,297556
229431,628534
244276,205081
280114,541134
223570,573730
109769,196024
73023,25196
159191,332872
60609,16007
207309,568091
203048,536841
279714,886396
93855,74306
45950,1781
194602,532753
133141,129533
135504,256962
58627,8456
132632,175112
280672,615173
271865,760104
1500,9434
175,9344
4155,1921
203218,521777
224961,615774
183589,337167
92694,51999
2490,2112
186263,487242
3173,9563
27904,3509
8641,8699
46948,9297
96655,84329
2600,1946
69640,11322
177867,397538
185109,419743
260243,600583
3554,14736
150696,371492
7373,1487
130508,113082
53953,3021
268302,899405
207273,570661
165639,413279
4378,11826
68486,15384
116807,262551
1747,586
92210,36865
212046,442065
8376,8193
62250,8882
144532,204553
27797,40823
210869,592834
196889,450465
275161,889699
122896,166426
192045,465914
177871,423899
86898,8967
72171,24804
205559,527776
7263,14292
1727,547
200806,570131
194396,438799
8327,870
58803,8065
2599,9451
2686,14283
127084,72478
55276,4566
8914,14337
133155,13459
2677,11779
257751,619778
290087,862557
244788,768141
191941,493100
203619,610120
143969,318917
162968,357786
136339,20558
78574,39013
27326,15917
103042,49521
73681,25205
200354,500682
1589,2142
219444,531876
286789,878361
210847,338762
199622,560066
140627,332270
67997,19833
44929,4441
203745,459670
5617,11013
5945,2755
7156,12698
90357,76543
180091,436931
26947,2061
170961,400136
205048,535292
8808,11130
4033,11973
57528,7555
74789,12155
167248,392011
143547,76115
99112,75780
188505,435577
235813,571391
113780,256274
252328,813258
282901,876792
126482,302429
86000,39356
27802,11647
280,8438
183817,452187
285109,605886
202099,581997
724,9100
87194,59468
143476,352208
272555,912598
106471,41498
84601,48138
2424,9489
104908,91586
107953,126963
6619,14926
61323,4944
141866,313922
254452,760883
199866,558144
142999,360784
231057,532865
93840,22970
197885,512263
176929,440021
175655,417870
112399,169607
188797,455980
197691,567860
140247,328425
1518,2163
2580,9430
130506,118412
84116,47909
288001,955555
211025,499631
5821,33251
1777,11003
232131,634528
201811,515195
254484,730840
48082,300
193243,523777
33004,7453
71264,22794
196491,527729
179511,337556
290081,1110358
135444,85739
196073,538858
168218,362585
88405,50544
167850,374205
108981,249397
54995,1992
116951,244001
109781,128246
5219,1576
52458,8271
1844,267
191479,446894
8972,2059
74416,24469
141676,16366
106624,121642
187531,520594
55167,13754
289169,457332
180965,340270
49396,2179
136353,12902
6548,8961
101070,129112
5686,16646
272039,921655
5613,1958
177237,369192
198567,303451
202103,505948
244720,553835
109846,82703
277552,755566
114342,265189
194,10149
271194,833425
128838,201085
188189,424781
7460,883
8604,2330
218525,581392
165575,403450
27627,26955
1754,9411
89470,39538
85213,56831
197177,467956
113705,221902
6936,10719
252662,646207
198101,479226
189475,426613
34811,11328
111384,188166
288269,884605
80939,45094
32497,47002
202934,484641
259575,855823
263047,793998
45880,1887
173291,339964
275841,736732
231235,755339
276725,809107
207371,29826
183499,432616
138104,323027
191489,458594
201368,459992
53972,1571
5812,10712
43560,11283
104863,212716
58105,8204
117364,263614
4865,768
275461,484747
288529,635910
78218,38199
220362,634544
5009,8489
204318,400090
250858,281979
40412,12877
214014,50723
44719,53961
134563,231176
197877,565716
168090,362584
213127,658760
51167,13393
95088,84332
136341,16390
170403,353070
278208,676701
39381,16608
254450,845222
187523,475094
192365,13345
169220,429191
187501,443463
6820,9871
279182,882598
229125,653756
6620,2771
40278,25
88267,51162
3409,9532
8917,3989
59501,2454
206649,592807
177737,432836
127164,318044
169520,50253
196487,487672
145384,254201
228007,721656
60408,8265
52975,2976
194348,401847
2316,6435
112818,238636
33646,9291
212945,613090
95105,80321
94469,66125
116893,206563
117545,170522
91414,51052
241032,587807
199964,509364
266786,765245
257581,745881
187505,400579
2628,1893
195533,428836
97936,96724
198865,524288
139747,283350
93404,74406
148667,367735
157338,316152
172107,241863
47200,1948
104,9614
5378,1894
213898,595671
164200,332210
112066,100271
166494,363093
103539,157386
44761,9270
108879,177888
70637,31216
33145,8976
144206,329819
278236,663712
290643,820525
98985,37653
70293,24803
71619,11156
142210,338729
241598,778730
71464,12573
190939,484247
276885,619803
5953,25838
183671,467062
162596,317557
173197,401246
58107,8328
47725,11227
24,12665
253138,591273
102303,48254
177819,440596
7034,11634
254514,676547
1801,9313
170357,444705
169034,394269
235361,245842
200630,458253
206741,572164
252370,373558
87304,55347
289297,724209
31433,6961
61024,10189
148108,292177
27700,11197
46972,1593
1615,9433
197277,528644
5377,245
1923,544
95558,84175
171141,412202
94864,70981
207874,582873
72741,26171
229483,661914
265534,890825
205447,553839
160018,366564
259265,716612
89804,10316
63808,8841
284793,1067282
271232,338953
187595,348350
59126,13007
100344,110398
275191,973164
41863,8053
285897,740441
2706,2105
288905,978870
6765,10934
8361,435
1639,2255
215163,592279
117871,256917
202880,535356
70769,15775
279088,916192
179977,423646
118532,38366
176365,370663
276167,831223
117867,252178
192357,454652
5072,9606
199626,528949
96020,76696
65810,14410
216525,604605
112,33542
8984,163
274195,507086
257281,591538
207347,589982
5073,11447
223005,594328
168012,360365
27846,11420
194474,21835
1049,10586
58154,12184
129313,179150
286569,555285
47404,21712
78349,29917
5013,5279
76054,36970
93570,59421
118894,32916
244120,728754
212227,622951
195849,472734
86408,48415
45081,588
8464,9372
33683,10226
171879,401698
175199,396422
89039,55420
277088,925102
74948,25941
832,3595
39446,215
273129,818397
286901,298618
229449,317182
54787,11835
120468,130925
267500,698201
207796,514921
38388,9763
278632,744276
275177,851303
217073,637663
32452,16198
177241,335360
275157,758330
3007,14242
180129,365045
232825,576920
34323,1696
65193,13971
53000,1562
71450,22074
66203,10184
138494,35554
5026,6312
130402,31347
67508,6968
165141,136799
81020,19597
1042,9591
187815,493099
115875,77887
258565,776797
146662,91417
193587,483455
213565,558582
66200,10362
178335,401898
136351,12903
68959,14003
108825,157841
59018,12473
213638,606952
120807,86705
139423,336845
1406,1802
199103,529414
188217,502897
263403,672208
279386,1007401
31702,8340
86880,1865
114552,170687
58347,7985
267670,754067
180,2293
190507,348657
8581,3293
59995,14748
5254,36586
89356,67884
78088,26388
160474,360606
288571,565770
187245,433694
136020,206647
194004,424139
67665,18094
127114,249688
73513,15774
184937,450489
136349,13355
54736,4349
69394,33409
62374,12113
85777,16140
116219,25475
184239,381719
51091,7874
140816,308084
116161,87492
40955,1420
4448,11371
121231,270303
121366,234567
257575,583833
106002,80274
202187,508791
176921,437109
2496,11622
170411,444706
190077,418472
196891,280217
251606,522931
234837,621949
85412,46146
116859,188538
239484,630004
206893,519141
42738,834
55094,6973
176355,290512
253250,662237
89087,62835
8645,436
210873,514207
287397,717930
287165,1058699
97057,70667
196693,298115
213680,105203
48501,27275
7306,14430
81782,44048
212971,653664
254338,644089
207229,620725
246142,709629
291511,801112
279560,830784
200412,26662
55098,7913
3752,2123
253618,379686
207203,587301
219003,684700
45431,7518
87869,51540
103372,136795
1544,330
193851,500006
60333,12172
31685,8488
215231,547258
333,11381
292349,974931
101739,109428
242236,660637
97168,90125
259751,766798
40574,10060
2826,1911
136906,303483
89753,49517
278080,629176
97832,82684
161127,325789
5015,1365
7347,1586
218991,618354
53161,5488
279094,877957
200256,329996
157361,373072
86347,30969
210863,448119
69134,17609
280236,632856
193906,449992
200326,526050
169204,379019
121316,242452
168254,293167
171957,167313
109968,134350
181075,450322
159970,391757
203934,539892
50514,3549
134204,269494
235319,492008
49793,11170
266008,874299
127857,119193
132648,269258
165699,423204
199738,18861
79224,38575
101088,86825
998,9400
131248,10010
2890,6415
167644,370964
7317,9352
127212,308032
118880,252171
193185,532908
81257,44716
225970,614560
205327,504562
158813,241259
289093,856289
38538,15058
56715,13198
562,11446
5364,2251
1517,816
286201,931102
189071,369523
151781,18874
187577,291984
50158,1931
179301,438740
283861,1015606
184383,437103
27674,9282
2006,9342
198831,505706
180619,96714
100383,109421
1060,10218
175667,414453
61018,41245
3179,10397
162,26564
94777,41154
1881,18937
37720,8643
195671,499556
7285,11023
207888,578189
237953,747059
103639,206324
50005,1494
51545,11330
72489,22832
6593,10330
2952,8052
133135,285733
226206,618353
54276,3638
64229,14299
113862,241848
172365,317925
2673,24858
213143,435601
180033,449749
290149,612304
1111,9305
162418,348668
139655,284303
254464,579741
8951,11109
288973,1149947
170293,20760
178907,475946
282541,975120
110553,102382
27843,12086
271631,739993
175809,390062
187231,489931
86190,50456
113829,242090
266278,760336
84407,43920
146305,65592
187031,351286
1635,68924
35828,31977
291693,970348
161966,337674
184445,468202
162738,340485
164204,374671
8643,11247
91094,64328
43376,2117
113250,252822
55272,2001
133165,13285
233079,752939
49130,9726
5628,2110
257387,660942
178613,16275
277790,788734
86884,63831
168344,274857
1918,944
91976,75174
3784,4244
142442,322125
110134,204668
103279,127373
1912,1389
136345,24615
109802,73624
27455,36243
233031,738362
195095,517331
212585,581791
91335,28118
276511,864370
46335,9615
159853,58522
8971,4251
104457,83899
91886,62837
204558,465003
94323,67660
272211,763285
262129,749004
285607,938567
5528,9357
229397,643882
206024,582881
289927,921452
79720,44629
34048,74
101741,68727
83219,15302
133149,91342
44613,12763
104097,201676
136249,21956
269226,656663
197597,564147
245452,787428
4880,11457
203757,493899
106163,187022
291815,893723
2763,913
142507,245698
286355,798286
74750,10664
166312,402693
1147,10548
281800,696157
95939,103747
188833,297725
33903,276
136357,67900
164899,408508
90624,45610
113378,227156
105954,152747
107958,153158
55274,4517
112689,211052
2596,6396
142456,330764
86014,60307
6188,11635
63859,13053
171227,425134
106072,76338
174395,406994
133219,44683
207189,481084
280082,854239
34271,10476
127178,283235
164546,402529
181279,457601
194048,451499
60072,8909
273857,671318
71135,19898
108787,184352
290383,968051
63853,6972
227002,596161
271136,913823
251520,618851
46062,10947
1590,8413
275483,957457
290407,820609
183421,401981
59103,1729
5632,4107
31148,20719
5379,4012
1046,10938
255123,785539
170891,44249
138458,57112
207027,630656
276345,759175
51357,12554
8371,2789
213900,539617
197343,522681
187583,463088
188183,520736
140928,274479
203904,534259
47634,7291
277794,805327
263973,644495
184015,433310
91844,14163
37736,257
221488,568467
193297,533592
62999,10527
103253,68724
271134,814340
171467,363579
166721,332979
146198,325690
204584,373226
224943,601666
203224,499701
7149,6964
3911,13785
59260,10886
277262,760161
110750,236751
148932,359983
142534,290382
8937,13416
198781,554600
50912,2266
91134,75900
289637,1072371
34532,9913
59725,4564
155659,315664
6383,584
5465,16664
136331,13354
42004,546
252180,635731
220380,559907
64499,8881
268888,845875
208747,511322
2841,11601
71106,22494
71688,11807
189461,453127
242062,795811
288979,945729
60756,12133
136355,119321
81158,39312
6003,4912
103883,136400
736,664
171253,403431
234257,567797
201723,388284
237942,585257
239254,423333
114184,244506
243208,638597
107130,210024
214570,608317
100060,77117
7139,10511
122924,246655
136251,203696
286841,1102776
206272,517116
256765,588921
101,13685
59016,1266
135875,247645
183197,488223
106204,123377
151597,300792
281364,518896
161354,382322
192285,438146
253310,472027
221256,614587
174535,22643
55555,2014
89535,73532
67620,14637
167546,334524
266820,673309
134021,259954
86911,45243
222234,373879
96567,83686
1117,36998
281082,668482
157569,394374
2560,10212
128671,265228
1569,8874
27772,11838
279710,777245
282753,717980
82527,46829
80398,37645
8117,250
205857,491283
208110,422803
194911,427033
139525,317952
65682,12437
694,20762
1840,9469
165337,402298
171939,360404
176295,427564
101079,71325
279392,846433
103810,146216
69995,8937
257637,597891
142813,298582
280906,338958
3003,8056
58376,13016
71518,22798
185545,418879
136363,81900
117851,270946
212573,590854
100843,130739
62912,11887
50442,7457
183339,464593
73587,31175
5955,13435
79006,76180
5508,2750
269208,760099
111778,203819
5873,17187
70334,18126
150238,271954
184999,454619
56167,8079
8836,11208
58964,13312
251740,832199
186393,459073
245902,578701
82461,20526
100745,50275
3799,12599
3155,1439
133125,13284
186071,172106
217959,606679
194861,514575
259871,631132
173369,398181
248018,161803
49824,1125
202393,513576
284195,800787
37475,1947
89047,44835
204268,522938
266630,811634
4025,1493
291715,866463
97870,113947
144664,233639
98797,88284
632,38884
170775,283591
3615,10567
34246,14646
161594,390734
36373,37185
1597,8834
141946,318279
251224,671295
7151,3635
223572,526429
251726,616651
133802,223485
106839,192136
199992,567646
269596,774825
102720,116711
204294,566222
142450,212162
235225,741074
1459,66
6957,10147
94985,80389
4237,44379
162350,333484
99007,82654
223826,616251
171751,19625
136018,261023
81786,48303
8019,12205
85020,27582
235799,599281
1717,4233
139493,238923
248012,811367
236995,776527
58306,12246
136335,20410
292,6950
164367,375366
93272,73723
185761,408355
92643,78480
200418,21422
94126,63310
5833,11880
111360,240832
70206,21407
142536,295964
228157,583903
46967,512
128695,248933
207375,268690
151777,300673
110453,200505
186533,425373
228863,592984
77837,36950
151759,333377
114601,239678
117913,284995
5668,10994
247464,390635
94969,82825
203298,523536
71129,17445
3317,11004
95309,88005
110655,172385
242404,642121
197179,412656
143647,359305
249122,471498
986,11076
192319,493551
139634,339065
177913,432087
59753,31512
141408,273477
288897,1076487
86833,55721
285833,814776
286905,335977
149606,362045
280352,587092
27050,344
181235,439058
2428,9276
6948,21525
226698,458576
116799,171274
3861,10393
131092,21385
205082,472983
189863,454693
116817,244403
67087,16538
144398,214910
174549,461615
104881,164457
5387,1957
192209,513347
164727,245473
196395,504056
86628,51209
229037,615667
263571,785538
195129,48175
63276,14943
5941,13497
82463,44009
6385,1088
2337,1808
81383,41211
139831,283317
177939,430214
166015,393764
8807,11282
108514,185008
213694,15403
6380,2260
261839,617762
1920,11551
206385,612368
160145,323372
276911,551271
135502,223706
39427,8066
118898,241239
242942,632357
287213,552688
83424,14070
79242,39781
58299,12222
241942,37221
134555,250235
192109,489985
251922,581726
138944,120475
6932,13537
212373,500840
163959,339419
176,9071
155064,301365
34162,9522
212383,283984
216302,571785
276403,778855
115879,82424
43556,13275
109425,24589
261799,335209
214806,574093
3010,11489
61123,13649
262853,818350
96969,101731
198795,239459
133897,283704
39307,12920
176345,19576
90343,68817
193801,456611
195161,400650
5794,14626
81156,16290
168712,341174
1806,36568
86377,24447
267292,657644
86593,57586
275683,14399
70183,20943
292139,1172676
141538,291549
185977,467632
280992,736526
44788,16070
263875,811592
205809,537055
88835,67675
58111,14073
58998,9870
114678,254375
180737,483104
221390,523977
173935,433945
5607,19460
184807,447856
176249,404604
62,2054
105211,209263
85394,59490
52722,559
2881,10398
112512,64246
215567,491926
207612,627070
190947,457136
275171,934761
33801,15767
257589,588182
653,8840
87004,57276
118173,20077
328,9059
131980,242575
261271,618162
171941,212470
81059,53486
273525,654739
151731,340357
224220,551804
198265,535167
257705,628704
99636,118628
172547,324852
196021,416194
172699,438446
661,10539
34148,1553
82041,46420
276015,833339
269426,862965
2585,1414
1680,10215
156369,380808
192997,517839
32031,9928
161580,376659
202101,513045
164107,381028
112316,209451
285865,816904
143387,353616
3285,1907
174017,339987
107563,79113
263149,820722
164369,408537
5516,6173
95441,72105
148280,341744
162604,369883
98203,50620
186125,409122
26939,8214
211650,635744
252212,672741
101106,157117
258001,805627
4371,16161
97692,97690
95567,98548
212014,601169
286031,849869
131433,140212
100272,127864
139415,282984
800,26748
166940,352490
106243,12636
92507,59961
98198,135718
1608,9772
8783,6947
101971,37757
116724,84111
193853,452910
127298,110390
31123,7229
92439,64678
99047,116979
168884,345009
45221,10115
259919,682587
132991,265851
212967,581387
116907,250657
199337,489763
104590,33196
159755,341012
206208,625128
231341,714194
303,12106
42728,9044
2694,9032
202533,591278
6668,12276
77316,21345
133137,57737
6299,11516
830,2925
257415,664031
86295,41446
110591,157547
991,1770
6954,11042
189567,511785
136343,30074
177587,421447
164959,377897
4815,11313
173627,8366
251738,763329
285601,881164
168418,295693
243858,682254
4994,11086
169864,395992
31660,8953
31952,5204
2976,8649
165239,412924
204610,585077
284167,722149
257251,619297
54648,5174
31435,31165
103339,117251
196191,487476
72514,20093
165421,366696
224641,506281
244502,797394
279452,634429
212587,581600
194556,489430
168962,415358
211225,413518
27,9263
68952,16871
283069,915931
269786,926676
4757,12508
74791,40623
2310,9821
1361,17204
270400,615904
143275,361931
258575,846867
186587,427641
205763,36592
40826,1833
210853,557940
272005,778810
185031,399360
6552,3472
117127,17893
98585,112336
182715,300668
3355,622
269154,790142
3477,13531
114795,49017
125970,27850
33649,19316
3746,31023
143271,314402
196233,447743
30820,9692
75983,16436
261883,703771
94405,72387
239474,594530
118930,308571
196117,466532
258469,317190
281060,799375
97059,101267
101262,81250
27716,4972
182415,56020
96302,79224
279814,826769
62081,13027
84189,43947
183417,436391
1047,11412
270580,927855
253620,585216
116742,20342
33154,13020
33124,9393
80862,42296
85401,45132
3755,2133
203244,486131
93420,68450
270180,627087
236215,50337
85129,51200
136485,42979
138212,324670
168722,401513
163955,354859
164941,379779
204496,542417
4454,36107
268730,836009
163140,63700
159445,363103
203208,417384
53460,9408
3298,14181
93422,79108
74508,13949
168040,76535
3745,7450
202495,534490
254238,454527
1792,11808
166486,376866
136309,302960
55267,7211
187025,42360
270526,752623
91902,78182
5109,16690
4744,8922
3974,24100
158035,245917
190739,426865
158300,40713
225565,604578
5959,11022
188305,443009
213367,571891
2539,9535
207678,499537
264880,670981
109864,177494
182557,457840
160656,353571
33880,1382
253976,579047
30850,11162
3717,9679
162602,346685
89472,61667
183915,471474
6197,9613
5446,9555
275311,936074
120897,56804
270858,892153
47423,7859
254718,645788
1620,9437
2359,10162
290393,872906
171265,450945
232361,727306
47999,1776
57353,13195
242234,797838
91823,50393
112381,215042
199307,471506
100882,170657
101880,171337
55250,13680
82169,10140
141139,209764
3129,9684
173941,341013
5299,8346
27827,14310
117549,297608
182993,427008
52,11448
267540,789708
68932,17332
56788,6538
85881,55725
279458,1019939
89369,55720
170729,449674
67788,20048
213137,550738
171945,324963
117194,227735
286833,1016121
133173,18198
168330,425591
56333,8272
186541,434714
129739,298040
213604,547565
135887,211672
193677,518671
158070,35114
5515,34070
208006,596650
194012,548066
95761,73567
195473,501633
195295,438674
164729,325189
1719,10217
184365,392536
263045,668408
183227,494368
187229,417670
288669,614479
179247,467938
209209,73245
64650,14072
205841,539651
91681,52274
193013,463858
205054,540901
142969,320736
193451,426249
147597,268092
106195,162215
133163,16962
4018,3981
203160,522039
267346,598331
56169,13483
194400,401469
167982,409502
179925,400728
277011,974691
227016,605255
140811,28460
197549,428099
61986,12690
240634,611698
45499,36668
48322,12094
112473,50032
199968,574436
183455,484862
141938,72720
118466,252511
254072,645689
157757,125521
83525,45284
190305,448776
151,11780
74795,22972
117849,25518
178339,42190
198157,475303
193783,535845
65225,13180
209563,540158
182825,446791
215615,24970
4644,552
111255,19703
290631,792293
170799,284457
113225,229297
106109,133200
175469,54551
195251,555850
196039,532444
105468,109451
195745,475132
3456,17078
276433,988046
74946,34016
4389,17612
4903,1999
209479,621191
40015,32117
277890,1003180
202435,517148
160640,78192
185957,355196
108041,190880
96664,77461
94896,92591
159447,301804
135288,280996
114007,204922
222869,671583
193175,407436
69761,47104
149570,50542
662,10543
44397,9792
71745,16523
113207,239566
62115,25126
283231,1063453
114074,244772
67907,31132
250032,629028
288347,970284
185337,435011
35836,6957
129514,13643
152067,376869
131168,254578
218803,618363
171951,166747
54281,8669
84844,20993
252320,116440
4056,5955
54999,4141
3289,36210
67534,13161
207856,583794
59026,8827
187465,448491
126072,38580
136361,151535
55080,4413
259943,680531
136620,39057
223003,591322
201867,485166
56949,6557
206393,553600
113453,193893
44709,13751
63131,15373
190509,517991
200840,560527
140196,192911
5110,39939
1665,1281
149508,92499
275173,504827
214510,50472
193567,255413
109850,136797
292141,1172675
265010,718633
200042,500860
52806,37933
190339,456154
164280,325385
110281,53168
216821,546728
92048,65760
44204,868
106144,194101
72178,14968
167870,416211
1586,4421
68941,18405
101362,117263
1391,75
3978,4958
149144,282069
102088,44865
133157,255718
194312,458342
253332,424277
6041,9045
104312,123553
1446,784
132496,256924
165831,253980
202271,555561
118354,245916
280258,823766
100275,82520
5380,9026
45666,9353
2505,8224
244686,699102
160271,302699
287115,1058647
132381,282631
215321,647498
170809,440642
184353,396774
106762,51859
2624,17962
131270,290864
27491,27324
81182,50475
49615,15077
220600,452406
95971,8736
183423,455008
177095,456570
134519,264525
291519,495151
290091,762430
196081,492452
216275,135531
135258,33871
148058,353464
2333,3033
103772,76170
209497,565743
102941,74513
82767,27585
1405,3179
277408,760741
64701,8276
263415,855400
63033,8338
132660,332340
4821,10866
8781,14462
167376,381707
134565,53319
65142,17845
207830,290859
2860,11001
286815,925263
79293,27576
136624,34067
174423,461955
90576,63492
44828,9035
162730,331583
271214,664332
154890,48617
142378,63276
71466,28053
246850,586047
115680,273271
222477,464052
290199,665733
273277,587412
53788,13807
206931,542921
267374,842356
37727,9315
5267,14635
133153,168903
79073,37659
278064,601796
179411,426284
186305,419635
59547,25527
148166,339751
100138,91186
48877,214
217144,614292
132456,21461
218715,706503
194628,497106
1730,9746
31687,13682
107916,245775
193637,537681
103107,159014
89582,68341
1627,10155
6571,54580
95543,57800
208661,487491
198141,441282
127098,321594
269666,817648
201993,597088
215911,664416
231147,662546
184011,451751
168806,429199
282381,806368
14,10858
275139,862855
40851,6795
52241,8270
94769,97038
200416,20677
104241,59859
183891,483306
115973,280795
105343,165904
256393,760747
1399,9819
163971,339405
91014,55292
171457,426166
7380,14442
283223,594767
174487,127144
23,9691
137389,42246
226574,553604
87192,59678
62799,14325
117543,21861
202017,542830
91548,66150
50794,7516
6553,35265
78469,34544
140162,292431
222649,508935
3555,3536
289967,1143319
122890,68735
145096,361380
70567,22051
218679,653610
99750,68812
188649,17358
142158,34204
205379,597089
179055,473072
281528,1001865
183155,407890
198145,543540
260929,879540
117318,20789
179589,334354
37495,16133
4270,1734
282863,1029119
215805,532814
287633,747188
39869,1951
159193,339397
3002,8672
68536,30416
157200,303858
133769,21614
236057,652962
1892,1965
118888,20147
44937,11490
139721,278236
78637,10192
34198,1826
182637,24358
4733,2779
27787,22537
204366,44729
222593,505026
147410,321751
73015,22897
42197,9687
200054,566228
135601,79464
186515,438857
32562,21131
199095,491625
79134,38365
214736,571648
241,21183
7454,7131
170611,38577
164163,21481
196931,543084
7574,18872
110771,193610
278420,928344
263043,768331
1537,11239
230319,586742
203571,574088
47084,1986
189527,412094
5459,608
183597,338768
51927,14001
46347,20604
162624,381418
61352,13291
213369,480857
199688,229407
3301,2069
202431,519465
195669,554152
116899,17234
217356,93013
50685,10758
45,577
57044,49367
180161,236028
3785,4247
144348,154030
109853,242042
193960,417812
209321,522098
177941,161285
72672,25716
134549,98120
256819,592863
67801,15451
4036,10873
165773,261102
183739,469651
272411,664996
288423,1121316
210885,614488
212074,457335
781,14553
280334,842033
143657,306947
173913,360737
129937,241554
225625,740985
215041,499338
273747,833417
152037,348089
162470,26945
215949,541611
74426,11518
56931,45871
93297,75674
131920,228108
242360,784047
90914,62630
119153,191489
70451,13752
91978,49527
161762,334304
89085,48289
192503,502422
192981,508422
105597,91745
282561,739405
27838,12281
247722,80797
61493,35854
102819,119675
202155,480001
265446,746131
135518,238615
108791,100898
205074,623195
5526,8653
203513,521029
35015,15907
88495,47854
81537,41733
179811,419709
286107,649609
187027,34295
50011,13318
135979,14613
77866,20662
113252,253306
165883,394684
252184,625169
55901,5817
27178,3716
197207,453755
43936,2207
222356,625568
189701,508747
132971,282983
238268,757860
286857,833971
57393,4170
272405,593660
51086,3594
136365,210769
113573,189
177735,184374
42418,11400
27744,29987
228855,667869
87079,44945
67267,13090
2563,8583
147252,189215
164709,367544
225988,635389
128606,311291
169792,317560
249950,606566
1713,6283
194722,526051
4054,9816
180367,347866
33669,9779
122513,34672
257551,513692
106983,184314
108647,173185
279226,852046
199237,525183
241944,785976
117368,10258
126599,276844
163771,338544
285933,962558
27022,9812
253960,617502
186999,452970
27865,5889
131080,16119
168556,435921
133159,196254
280708,977487
170407,398929
802,9294
109971,236737
274971,616037
132434,52333
196113,401200
212883,586461
200414,32022
647,10684
6764,10159
257585,807070
66665,19255
245078,560008
134777,132316
203847,575351
186631,401545
142258,319076
129820,264337
144524,195276
245258,529106
287737,813477
150292,168379
38304,19082
254478,577242
212271,441829
50944,13127
183125,432139
130840,241855
128520,252838
225485,597156
93498,91010
199736,16910
188299,507256
5477,1364
128099,289333
186749,493623
96252,84383
72479,28089
178667,343674
146688,339527
194903,549484
275691,743563
98973,84185
225830,737802
48032,10846
30848,9953
253910,728142
160565,316727
66385,25405
162590,95610
170635,32536
55705,2015
114329,276843
160832,64694
227656,245881
281010,884971
254762,17305
1609,6072
112940,157849
175791,450875
279976,873126
263621,410113
7172,31026
265770,860852
200052,494407
131252,9677
282493,619930
3624,8584
6801,11477
141958,57627
196369,86130
58351,7343
279542,928720
6300,10180
112909,37737
231833,586791
184471,338970
201731,472796
195339,412862
258637,645710
61729,12797
161240,371738
195551,441393
118246,246860
69306,18487
188181,408866
148954,357681
246846,811703
160438,324668
130490,262500
56805,6575
140565,114955
76173,27936
27441,919
254394,568620
227482,733156
109243,157847
239348,566451
51084,11172
135456,18839
177607,415842
58490,12178
21,8012
165641,353728
94833,72197
273013,612491
189539,481850
44633,13222
44225,14191
168292,16382
209705,561974
183701,429351
90374,50837
188885,500849
148476,366548
254614,834027
195937,528210
691,40001
91888,63498
196175,351044
131502,214135
39516,16729
172807,375183
3594,10560
83796,14556
237240,642208
1542,9450
7439,7220
50954,37725
217186,706860
70295,38879
117109,301566
92335,78698
198801,509598
215711,594718
140699,257932
56775,6637
220792,605116
3581,11129
47518,9788
55282,4513
176103,274862
138488,53957
96861,82675
144294,37973
58123,12650
114078,287590
112288,259943
167018,356305
33340,27233
5479,8665
208683,636698
199698,366141
127196,250124
133780,256057
181601,460793
59333,10761
79987,31900
173429,458310
105835,146015
257953,347626
147750,336222
230039,654028
47150,31032
184287,462883
142509,325348
231181,618416
56915,54318
163807,373889
161942,28808
116207,185567
82765,35138
143369,352161
142618,349498
206449,575776
169760,410117
177483,164052
27736,1418
260669,610253
279334,614939
148620,354072
4251,9519
139620,81549
33270,15318
137457,115290
60074,8960
99728,82682
2296,9429
65882,14254
170781,424998
3798,2655
100336,45316
285939,868985
159917,376261
286231,758336
188317,474335
204688,466081
111364,124905
193771,523773
183149,444090
57776,59474
59519,12197
109687,202141
51080,4169
92920,70954
203278,508101
137561,22373
2772,9781
49265,8588
26974,18415
100244,87499
224721,667935
190765,496328
266446,785533
186177,484510
153544,20182
126584,121828
4741,742
153959,342672
4450,9517
289295,615656
207690,623627
6263,10782
27711,10855
64278,34283
213475,580600
138480,23619
54734,10760
166767,124277
169900,314095
2710,2667
65037,6936
162828,374617
107306,23452
160402,110490
279178,840098
165643,340684
93363,49529
208295,554241
81711,48466
64501,8880
7827,10133
285597,1049638
33896,33908
210933,656968
838,3573
173283,447061
194967,534338
91485,76163
186159,438747
1735,9410
5667,13768
92804,30596
153931,148265
113066,60316
258915,853088
195731,475149
195297,486898
208813,454467
275549,846250
117456,241771
195303,463319
35957,11460
164935,377154
179099,339259
206899,458897
80834,45745
204702,405177
181357,51888
48872,6077
5605,29698
290013,950849
109897,235260
259077,468225
155509,333385
185433,495193
104920,57892
197689,483906
3983,14295
4734,2294
60259,13205
191869,429203
195723,441717
279436,852438
165581,415214
1449,16448
200986,432011
181355,42982
170241,355277
279594,799546
179397,441889
6063,10894
274249,807356
71429,20178
208477,587030
8911,14024
6379,9902
5127,10052
2481,8129
150395,349176
60303,10842
1722,714
166149,347026
164957,355111
161940,21452
67734,16614
3990,16340
994,18203
108078,206408
148248,307103
51471,15163
59141,13258
115703,22599
258591,785457
22,1710
184165,432527
201704,482150
271467,835975
52694,1268
172813,363992
50162,9992
201242,529962
58103,7461
183011,399035
160571,345911
77736,45380
165969,419546
136564,225728
67424,21946
106330,137093
44943,11304
43801,33095
201747,481880
48319,9664
115008,53222
94278,85621
69951,8054
71867,33806
173205,396398
74851,26389
3864,10643
114392,264656
285867,913673
45928,13508
4867,11091
7048,11676
8861,1577
270256,629015
291629,662745
4719,12610
203078,563103
226644,524216
79572,38843
65982,10529
74275,8952
271559,286387
279912,848058
101527,78215
148478,351694
110611,244509
223830,632666
158528,332567
114762,286554
165413,421281
288861,736769
195485,451925
221396,723072
281058,814338
68690,14448
175143,432615
190963,474331
63393,13655
155366,382581
132650,36897
102588,128216
50851,14761
8528,9472
136622,25961
5942,11852
218649,76826
63222,13672
91929,72721
8369,16617
193287,504603
47997,7512
79590,24122
175573,34671
174957,64202
785,11543
185001,460668
109596,85444
128736,37058
255633,850329
3512,2621
50583,27337
167038,413543
272649,654895
281230,21448
98963,97989
27873,11401
168760,15387
151765,68555
170117,99343
157373,86517
274343,664698
275061,893370
104231,110410
292155,958182
96411,76360
38,33689
63113,10764
180041,426338
101186,136403
175165,415086
230997,702525
200330,525946
289323,988078
171949,290727
183979,388333
189991,407447
3950,10687
280372,814757
5620,11529
253970,56899
180591,470819
171953,260234
222911,726887
120392,276908
92234,72431
84273,54293
27518,14752
212385,390634
98854,10616
117861,253331
2393,200
96304,85836
221702,571625
111732,137698
69361,42341
77240,41110
110678,214314
195247,427348
30867,26275
263009,624860
79807,9503
101763,128136
289835,729854
82534,44129
1489,24662
200614,400157
4151,10697
252458,660943
109423,13061
179053,475759
285947,638974
204214,460059
200448,537059
125972,34205
66511,30508
5400,4614
194388,54433
132547,325113
101640,17501
112811,79553
87660,65034
4958,8007
167640,340837
186249,464502
267458,727293
65418,8942
101719,25516
8860,9759
160573,294272
149572,24426
86330,31451
192159,535692
155834,239103
280178,930921
227256,606523
158402,380111
222159,221110
229273,595228
107,10874
83374,46528
202711,538225
60020,14392
262529,662708
4766,44321
119068,243684
185979,429417
189879,467936
56095,11148
11,9087
104925,112205
151717,345775
204834,508664
26941,29927
164540,411009
230717,656274
48791,14012
163136,361705
74156,12201
1858,10622
5611,9093
33487,1279
219015,531454
131237,35428
223996,520318
235411,616803
167990,408159
133389,332835
94978,79382
88911,39413
103059,121873
74204,14016
130992,31413
105086,109417
261847,745611
116668,241842
54775,10431
289359,539136
205693,500458
189331,454992
179443,452773
59912,9789
91786,41066
220956,588009
280980,1029827
247570,257475
208729,537655
97395,84351
279694,1018648
178729,23446
89386,72744
208971,612654
158336,18377
256477,300386
188541,425972
279916,921643
27469,11553
266788,554230
158,8839
39768,20128
200590,538207
5460,59387
139417,314405
281638,958279
210271,509967
231851,260825
276903,823147
283315,739986
2618,13852
99045,44560
88452,20268
127319,72784
3287,15655
171315,390054
151933,339408
215653,460399
2561,10354
609,25059
288291,1114901
3053,10047
167536,81440
116839,270403
133161,16418
190355,458534
203112,581420
278342,738215
277110,428707
1687,4824
229547,622855
274409,953553
41527,67
51372,26598
250502,790249
121372,46967
96373,109584
116169,44092
278876,800939
193843,491629
190399,518764
2320,9445
70862,22492
151459,375290
224272,621870
159161,396292
215679,547691
196005,477666
6898,1376
90350,53344
189467,50300
216937,581859
3566,15723
27315,11599
184829,454549
218193,216769
196567,482981
135436,328111
134230,21297
183565,492282
233171,773655
142602,329263
62718,12689
81784,38357
173445,33365
94649,79934
283473,1061671
273031,80981
289563,1070514
27276,2463
76158,25053
42725,9900
272339,890322
164895,89825
183613,397722
198271,504969
135889,207686
179863,436274
80219,23631
135861,214756
289021,616747
142819,268660
212142,520765
279910,919573
90943,77365
144182,331576
6059,1647
52443,14945
48698,13364
198947,518963
140769,152042
178509,433252
52967,1919
5531,15070
258887,381262
162990,296917
170941,346034
243366,118301
220358,649058
166958,409447
82931,56812
169944,271467
109455,252841
273979,120811
52448,11515
65660,8280
174499,382217
273007,950445
143531,314388
50160,13967
140523,298312
187545,311054
278352,829503
291857,1172674
79592,27581
267168,755437
88069,67109
56286,3902
71575,4786
216366,699280
179591,435107
165533,46718
106094,39469
4241,10991
1366,20539
83293,46689
216163,619441
280076,962571
53121,810
198769,113160
285827,845659
136602,250574
252930,631843
162566,404141
197729,410331
109000,2594
19,9273
81817,43434
131258,285213
133383,284305
102005,102001
141544,310135
40583,231
273433,661231
176297,461054
140844,319337
152290,367215
1805,617
172635,294682
78003,23538
210779,631143
202441,569543
189381,500475
179647,400020
169490,384581
218795,615165
112946,231576
203202,24528
8530,8981
267638,858815
167136,334522
155673,377799
121171,256876
129779,196750
192847,374853
49524,2447
203503,582883
2358,2042
286221,932430
83450,50618
2882,2290
44197,9950
288565,1057001
58191,13362
110273,253239
6062,21189
187023,446663
233555,602269
36519,9335
51007,2016
187479,435841
208205,181812
1533,24183
52170,56474
265612,762079
252086,795813
92262,73562
285831,957770
110503,158091
142843,182131
6251,13691
187719,508003
